삼성전자와 <SK하이닉스>가 각각 152 220 하락한 것을 비롯해 국내 반도체주가 줄줄이 내렸다 지난주 말1일 뉴욕 증시는 충격적으로 저조한 미국 10월 고용 지표에도 불구하고 아마존 실적에 주목하며 반등했다 10월,2
이날 삼성전자와 <SK하이닉스>가 저마다 다따로 151 152 220으로 하락한 등 것을 비롯해 국내 반도체주가 줄줄이 내렸다 지난주 말1일 뉴욕 증시는 충격적으로 저조한 미국 10월의 고용률 지표에도 불구하고 아마존 실적에 주목하며 반등했다 10월,2
삼성전자와 <SK하이닉스>가 각각  152 220 하락한 것을 비롯해 국내 반도체주가 줄줄이 내렸다 지난주 말1일 뉴욕 증시는 충격적으로 저조한 미국 10월의 고용 지표에도부진 불구하고 올해 아마존 실적에 주목하며 좁은 폭 반등했다 10월,2
반면 삼성전자와 SK SK <SK하이닉스>가 이날 각각 152 220 하락한 것을 비롯해 국내 반도체주가 줄을 이루듯이 잇달아 내렸다 특히 지난주 말1일 뉴욕 증시는 충격적으로 가장 저조한 미국 10월 고용 지표에도 불구하고 아마존 실적에 주목하며 반등했다 10월,2
전날 삼성전자와 <SK하이닉스>가 각각 152 220으로 하락한 것을 보고 비롯해 국내 반도체주가 줄을 이루듯이 잇달아 내렸다 지난주 말1일 뉴욕주 뉴욕 증시는 충격적으로 저조한 가운데 미국 10월 고용 지표에도 불구하고 아마존 실적에 주목하며 반등했다 10월,2
삼성전자와 <SK하이닉스>가 저마다 다따로 152 220 하락한 것을 보고를 비롯해 국내 반도체주가 줄줄이 내렸다 지난주말 말1일 뉴욕 증시는 충격적으로 가장 저조한 미국 10월 고용 지표에도 불구하고 지난해 아마존의 실적에 주목하며 반등했다 10월,2
삼성전자 울고  <SK하이닉스> 웃고 상반된 분위기  대선 이후 연준 한 번 더 금리 인하 예의주시 삼성전자는 올해 3분기 반도체 부문에서 4조 원에 못 미치며 기대치를 하회하는 영업이익을 냈다 지난달,1
삼성전자 울고 <SK하이닉스> 웃고 상반된 시장 분위기  대선 이후  연준 한 번 더 더 금리 인하 예의주시 삼성전자는 올해 3분기 반도체 부문에서 매출 4조 원에 못이 미치며 시장 기대치를 하회하는 영업이익을 냈다 지난달,1
삼성전자 울고 <SK하이닉스> 웃고  상반된 시장 분위기  대선서 패배 이후 연준 한 번 더 금리 인하 예의주시 삼성전자는 올해 3분기 반도체 부문에서 매출 4조 원에 못 미치며 기대치를 하회하는 수준의 영업이익을 냈다 지난달,1
삼성전자 울고 <SK하이닉스>도 삼성전자 웃고 상반된 분위기  대선 이후 연준 한 번 더 더 금리 인하 예의주시 삼성전자는 올해 3분기 반도체 부문에서 4조 원에 못 미치며 시장 기대치를 하회하는 영업이익을 냈다 지난달,1
삼성전자는 울고 <SK하이닉스> 웃고 상반된 분위기  대선 패배 이후 연준 한 두 번 더 금리 인하 예의주시 삼성전자는 올해 들어 3분기 반도체 사업 부문에서 4조여 원에 못 미치며 기대치를 하회하는 영업이익을 냈다 지난달,1
삼성전자 울고 <SK하이닉스>도 웃고 상반된 분위기  대선 이후 연준 한 번 더 더 금리 추가 인하 예의주시해야 삼성전자는 올해 3분기 반도체 부문에서 4조 원에 못 미치며 기대치를 하회하는 영업이익을 쏟아 냈다 지난달,1
삼성전자는 기대 이상의 실적을 발표했지만 <SK하이닉스>는 다소 부진한 결과를 보였다 반도체 업계는 불안한 분위기 속에서 미국 금리 인상에 대한 우려를 지속적으로 제기하고 있다,2
삼성전자는 기대 이상의 실적을 발표했지만 <SK하이닉스>는 적기는 하지만 어느 정도로 부진한 결과를 많이 보였다 국내 반도체 업계는 불안한 분위기 속에서 미국 금리 추가 금리 인상에 대해 대한 우려를 지속적으로 제기하고 있다,2
삼성전자는 당초 기대치 이상의 실적을 발표했지만 <SK하이닉스>는 오히려 적기는 하지만 어느 정도로 부진한 결과를 보였다 반도체 업계는 불안한 분위기 속에서 미국 금리 인상에 대한 우려를 여전히 지속적으로 제기하고는 있다,2
삼성전자는 기대치 이상의 깜짝 실적을 발표했지만 <SK하이닉스>는 적기는 하지만 어느 정도로 소폭 더 부진한 결과를 보였다 국내 반도체 업계는 불안한 분위기 속에서 미국 금리 인상에 대한 우려를 지속적으로 제기하고 있다,2
삼성전자는 기대 이상의 실적을 발표했지만 <SK하이닉스>는 적기는 하지만 어느 정도로 부진한 결과를 보였다 반도체와 디스플레이 관련 업계는 불안한 분위기 속에서 미국 금리 인상에 대한 우려를 여전히 지속적으로 제기하고 있다,2
삼성전자는 기대 이상의 실적을 발표했지만 <SK하이닉스>는 적기는 하지만 어느 정도로 부진한 실적 결과를 보였다 반도체 업계는 불안한 분위기 속에서 미국 금리 인상에 대한 시장 우려를 지속적으로 꾸준히 제기하고 있다,2
<SK하이닉스>의 주가는 상승했지만 삼성전자는 반도체 부문에서 실적 부진을 겪고 있으며 미국의 금리 인상 가능성도 부담으로 작용하고 있다,1
<SK하이닉스>의 주가는 상승했지만 삼성전자는 반도체 사업 부문에서 극심한 실적 부진을 겪고 있으며 미국의 금리 인상 가능성도 부담으로 작용하고는 있다,1
<SK하이닉스>의 주가는 상승했지만 삼성전자는 반도체 사업 부문에서 실적 부진을 겪고 있으며 미국의 추가 금리 인상의 가능성도 부담으로 작용하고 있다,1
<SK하이닉스>의 주가는 상승했지만 삼성전자는 반도체 부문에서 실적의 부진을 전과 다름없이 겪고 있으며 미국의 금리 인상 가능성도 부담으로 작용하고는 있다,1
<SK하이닉스>의 경우 최근 주가는 상승했지만 삼성전자는 반도체 부문에서 극심한 실적 부진을 겪고 있으며 미국의 금리 인상 가능성도 부담으로 작용하고 있다,1
<SK하이닉스>의 주가는 상승했지만 삼성전자는 반도체 부문에서 실적 부진을 전과 다름없이 겪고 있으며 향후 미국의 추가 금리 인상 가능성도 부담으로 작용하고 있다,1
삼성전자와 <SK하이닉스>의 주가는 각각 다르게 움직였지만 전체적으로 반도체 시장은 조용히 변동하고 있다,0
삼성전자와 <SK하이닉스>의 주가는 최근 각각 다르게 움직였지만 전체적으로 반도체 관련 시장은 성격이나 언행이 수선스럽지 않고 얌전히 변동하고 있다,0
삼성전자와 <SK하이닉스>의 주가는 최근 각각 다르게 움직였지만 전체적으로 반도체 시장은 전과 다름없이 조용히 변동하고 있다,0
삼성전자와 <SK하이닉스>의 주가는 각각 다르게 움직였지만 최근 전체적으로 반도체 시장은 거의 성격이나 언행이 수선스럽지 않고 얌전히 변동하고 있다,0
삼성전자와 <SK하이닉스>의 최근 주가는 관계되는 둘 이상의 것 사이에서 각기 그 상대에 대하여 각각 다르게 움직였지만 전체적으로 반도체 시장은 조용히 변동하고 있다,0
삼성전자와 <SK하이닉스>의 주가는 최근 각각 다르게 움직였지만 전체적으로 반도체 시장은 성격이나 언행이 수선스럽지 않고 얌전히 상승 변동하고 있다,0
뉴욕 증시는 반등했지만 삼성전자는 3분기 예상보다 낮은 실적을 발표했다 한편 <SK하이닉스>는 긍정적인 소식을 전하며 상승세를 보였다,1
뉴욕 증시는 반등했지만 삼성전자는 3분기 예상보다 낮은 실적을 발표했다 관형사형 어미는의 뒤에 쓰여 어떤 행동을 하면서 동시에 또 다른 행동을 하는 것이나 어떤 상황에 또 다른 상황이 이어지는 것을 나타내는 말 <SK하이닉스>는 최근 긍정적인 실적 소식을 잇따라 전하며 상승세를 보였다,1
뉴욕 증시는 반등했지만 삼성전자는 지난 3분기 예상보다 낮은 실적을 발표했다 관형사형 어미는의 뒤에 쓰여 어떤 행동을 하면서 동시에 또 다른 행동을 하는 것이나 어떤 상황에 또 다른 상황이 이어지는 것을 나타내는 말 <SK하이닉스>는 긍정적인 소식을 전하며 실적 상승세를 다시 보였다,1
뉴욕주 증시는 반등했지만 이날도 삼성전자는 3분기 예상보다 낮은 실적을 발표했다 관형사형 어미는의 뒤에 쓰여 어떤 행동을 하면서 동시에 또 다른 행동을 하는 것이나 어떤 상황에 또 다른 상황이 이어지는 것을 나타내는 말 <SK하이닉스>는 긍정적인 소식을 전하며 상승세를 보였다,1
뉴욕 증시는 소폭 반등했지만 삼성전자는 3분기 예상보다 낮은 실적을 발표했다 관형사형 어미는의 뒤에 쓰여 어떤 행동을 하면서 동시에 또 다른 행동을 하는 것이나 어떤 상황에 또 다른 상황이 이어지는 것을 나타내는 말 <SK하이닉스>는 최근 긍정적인 소식을 잇따라 전하며 상승세를 보였다,1
뉴욕 증시는 반등했지만 삼성전자는 3분기 예상보다 낮은 실적을 잠정 발표했다 관형사형 어미는의 뒤에 쓰여 어떤 행동을 하면서 동시에 또 다른 행동을 하는 것이나 어떤 상황에 또 다른 상황이 이어지는 것을 나타내는 말 <SK하이닉스>는 긍정적인 소식을 전하며 가파른 상승세를 이어 보였다,1
<SK하이닉스>는 실적 상승을 기록했지만 삼성전자는 다소 실망스러운 실적을 발표했다 미국의 금리 인상에 대한 우려가 여전히 남아 있다,1
<SK하이닉스>는 실적 상승을 소폭 기록했지만 삼성전자는 다소 실망스러운 깜짝 실적을 발표했다 미국의 금리 인상에 대한 우려가 전과 다름없이 남아 남아 있다,1
<SK하이닉스>는 실적 상승을 소폭 기록했지만 삼성전자는 다소 실망스러운 실적을 이전 상태나 행동이 그쳤다가 이어지면서 새로이 또 발표했다 미국의 추가 금리 인상에 대한 우려가 여전히 남아 있다,1
반면 <SK하이닉스>는 실적 상승을 기록했지만 삼성전자는 지난달 다소 실망스러운 실적을 발표했다 미국의 금리 인상에 대한 시장 우려가 전과 다름없이 남아 있다,1
<SK하이닉스>는 실적 상승을 기록했지만 삼성전자는 지난달 적기는 하지만 어느 정도로 실망스러운 실적을 발표했다 미국의 금리 인상에 대한 우려가 여전히 여전히 남아 남아 있다,1
<SK하이닉스>는 실적 상승을 기록했지만 삼성전자는 적기는 하지만 어느 정도로 더 실망스러운 실적을 발표했다 미국의 금리 인상에 대한 우려가 여전히 남아 남아 있다,1
삼성전자와 <SK하이닉스>의 실적 발표 이후 주가는 엇갈렸다 전체 시장은 불확실성이 커지고 있으며 금리 인상 가능성도 여전히 존재한다,0
삼성전자와 <SK하이닉스>의 실적 발표 이후에도 주가는 엇갈렸다 전체 시장은 불확실성이 커지고는 있으며 금리 인상 가능성도 여전히 존재한다,0
이날 삼성전자와 <SK하이닉스>의 실적 발표 이후 주가는 엇갈렸다 전체 시장은 불확실성이 시간이나 차례에 따라 조금씩 커지고 있으며 금리 인상의 가능성도 여전히 존재한다,0
삼성전자와 <SK하이닉스>의 실적 발표 이후 주가는 엇갈렸다 미국 전체 시장은 전과 다름없이 불확실성이 커지고는 있으며 금리 인상 가능성도 전과 다름없이 존재한다,0
삼성전자와 <SK하이닉스>의 깜짝 깜짝 실적 발표 이후 주가는 엇갈렸다 미국 전체 시장은 불확실성이 커지고 있으며 금리 인상 가능성도 전과 다름없이 존재한다,0
삼성전자와 <SK하이닉스>의 갑자기 놀라는 모양을 나타내는 말 실적 발표 이후 주가는 엇갈렸다 전체 시장은 불확실성이 커지고 있으며 금리 인상 가능성도 여전히 여전히 존재한다,0
<SK하이닉스>의 실적 호조가 반도체 업계에 긍정적인 영향을 미쳤지만 삼성전자의 실적 부진이 시장에 우려를 낳고 있다,1
<SK하이닉스>의 실적 호조가 반도체 관련주 업계에 긍정적인 영향을 미쳤지만 삼성전자의 실적 부진이 시장에 우려를 낳고는 있다,1
<SK하이닉스>의 실적 호조가 반도체 업계에 긍정적인 큰 영향을 미쳤지만 삼성전자의 실적 부진이 시장에 우려를 더 낳고 있다,1
<SK하이닉스>의 실적 호조가 반도체 업계에 긍정적인 큰 영향을 미쳤지만 삼성전자의 실적 부진이 반도체 시장에 우려를 낳고 있다,1
<SK하이닉스>의 실적 호조가 반도체 업계에 긍정적인 영향을 미쳤지만 삼성전자의 실적 부진이 반도체 시장에 우려를 일정한 정도에서 한 단계 더 더 낳고 있다,1
<SK하이닉스>의 실적 지표 호조가 반도체 업계에 긍정적인 영향을 가장 수효나 분량이 일정한 기준치보다 위에 있게 미쳤지만 삼성전자의 실적 부진이 시장에 우려를 낳고 있다,1
이날 삼성전자와 <SK하이닉스>가 저마다 다따로 152 220 하락한 것 등 것을 비롯해 국내 반도체주가 줄줄이 내렸다 지난주 말1일 뉴욕 증시는 분기 사상 충격적으로 가장 저조한 미국 10월 고용 지표에도 불구하고 아마존 실적에 주목하며 반등했다 10월,2
삼성전자와 SK <SK하이닉스>가 이날 저마다 다따로 152 220으로 하락한 것을 비롯해 국내 반도체주가 줄줄이 내렸다 지난주 말1일 뉴욕 증시는 충격적으로 저조한 미국의 10월 고용률 지표에도 불구하고 아마존 실적에 주목하며 반등했다 10월,2
삼성전자와 <SK하이닉스>가 이날 각각 152 220 하락한 등 빠진 것을 비롯해 국내 반도체주가도 줄을 이루듯이 잇달아 내렸다 지난주 말1일 뉴욕주 증시는 충격적으로 저조한 미국 10월 고용 지표에도 불구하고 아마존 실적에 주목하며 반등했다 미국 10월,2
삼성전자와 <SK하이닉스>가 각각 152 220 하락한 가운데 것을 비롯해 국내 반도체주가 줄줄이 내렸다 지난주 말1일 뉴욕 증시는 가장 최근 충격적으로 저조한 미국 10월 고용률 지표에도 불구하고 아마존 실적에 주목하며 좁은 폭 반등했다 10월,2
삼성전자와 <SK하이닉스>가 저마다 다따로 152 220 하락한 것을 이유로 비롯해 국내 반도체주가 줄줄이 내렸다 한편 지난주 말1일 미국 뉴욕주 증시는 충격적으로 저조한 미국 10월 고용 지표에도 불구하고 자회사 아마존의 실적에 주목하며 반등했다 10월,2
삼성전자는 기대 이상의 깜짝 깜짝 실적을 발표했지만 <SK하이닉스>는 다소 부진한 결과를 수효나 분량이 일정한 기준치보다 위에 있게 보였다 반도체 장비 업계는 불안한 분위기 속에서 미국 금리 인상에 대한 시장 우려를 지속적으로 제기하고 있다,2
삼성전자는 지나간 지 얼마 안 된 즈음 기대 이상의 실적을 발표했지만 <SK하이닉스>는 다소 부진한 결과를 보였다 반도체 업계는 불안한 시장의 분위기 속에서 미국 금리 인상에 대한 시장 우려를 지속적으로 제기하고는 있다,2
삼성전자는 최근 기대치 이상의 실적을 발표했지만 <SK하이닉스>는 적기는 하지만 어느 정도로 부진한 결과를 많이 보였다 반도체 장비 업계는 불안한 분위기 속에서 미국 금리 인상에 대한 우려를 지속적으로 꾸준히 제기하고 있다,2
삼성전자는 기대 이상의 실적을 잇따라 발표했지만 <SK하이닉스>는 오히려 오히려 적기는 하지만 어느 정도로 부진한 결과를 보였다 반도체 업계는 이런 불안한 분위기 속에서 향후 미국 금리 인상에 대한 우려를 지속적으로 제기하고 있다,2
삼성전자는 기대치 이상의 실적을 발표했지만 <SK하이닉스>는 적기는 하지만 어느 정도로 더 부진한 실적 결과를 보였다 반도체 업계는 불안한 시장 분위기 속에서 미국 금리 인상에 대한 우려를 지속적으로 제기하고 있다,2
<SK하이닉스>의 최근 주가는 상승했지만 삼성전자는 반도체 부문에서 실적 부진을 겪고 있으며 미국의 금리 인상 가능성도 부담으로 작용하고 있다,1
최근 <SK하이닉스>의 삼성전자 주가는 상승했지만 삼성전자는 반도체 부문에서 실적 부진을 겪고 있으며 미국의 금리 인상 가능성도 부담으로 작용하고 있다,1
<SK하이닉스>의 주가는 상승했지만 삼성전자는 반도체 사업 부문에서 실적이 부진을 겪고 있으며 미국의 금리 추가 인상 가능성도 부담으로 작용하고 있다,1
<SK하이닉스>의 주가는 상승했지만 삼성전자는 반도체 부문에서 극심한 실적 부진을 겪고 있으며 미국의 금리 인상 가능성도 부담으로도 전과 다름없이 작용하고 있다,1
<SK하이닉스>의 최근 주가는 상승했지만 삼성전자는 여전히 반도체 부문에서 실적 부진을 겪고 있으며 향후 미국의 금리 인상 가능성도 부담으로 작용하고 있다,1
삼성전자와 <SK하이닉스>의 주가는 각각 서로 다르게 움직였지만 최근 전체적으로 반도체 시장은 성격이나 언행이 수선스럽지 않고 얌전히 변동하고 있다,0
삼성전자와 <SK하이닉스>의 주가는 각각 서로 다르게 잘 움직였지만 전체적으로 반도체 시장은 성격이나 언행이 수선스럽지 않고 얌전히 변동하고 있다,0
삼성전자와 <SK하이닉스>의 주가는 각각 다르게 움직였지만 전체적으로 반도체 시장은 성격이나 언행이 수선스럽지 않고 얌전히 변동하고는 있다,0
삼성전자와 <SK하이닉스>의 최근 삼성전자 주가는 각각 다르게 움직였지만 전체적으로 반도체 시장은 조용히 변동하고 있다,0
반면 삼성전자와 <SK하이닉스>의 주가는 최근 저마다 다따로 다르게 움직였지만 전체적으로 반도체 시장은 조용히 변동하고 있다,0
뉴욕주 뉴욕 증시는 반등했지만 삼성전자는 3분기 예상보다 낮은 실적을 발표했다 관형사형 어미는의 뒤에 쓰여 어떤 행동을 하면서 동시에 또 다른 행동을 하는 것이나 어떤 상황에 또 다른 상황이 이어지는 것을 나타내는 말 <SK하이닉스>는 긍정적인 소식을 전하며 상승세를 보였다,1
뉴욕 증시는 반등했지만 삼성전자는 3분기 이후 예상보다 낮은 실적을 발표했다 관형사형 어미는의 뒤에 쓰여 어떤 행동을 하면서 동시에 또 다른 행동을 하는 것이나 어떤 상황에 또 다른 상황이 이어지는 것을 나타내는 말 <SK하이닉스>는 긍정적인 소식을 전하며 상승세를 보였다 ,1
뉴욕 증시는 좁은 폭 반등했지만 삼성전자는 지난 3분기 예상보다 낮은 실적을 발표했다 한편 <SK하이닉스>는 긍정적인 소식을 전하며 상승세를 보였다,1
뉴욕 증시는 소폭 반등했지만 삼성전자는 3분기 예상보다 다소 낮은 실적을 발표했다 한편 <SK하이닉스>는 긍정적인 소식을 전하며 상승세를 보였다,1
뉴욕주 증시는 소폭 반등했지만 삼성전자는 3분기 예상보다 낮은 갑자기 놀라는 모양을 나타내는 말 실적을 발표했다 한편 <SK하이닉스>는 긍정적인 소식을 전하며 상승세를 보였다,1
<SK하이닉스>는 실적 상승을 기록했지만 삼성전자는 적기는 하지만 어느 정도로 실망스러운 실적을 다시 발표했다 미국의 추가 금리 인상에 대한 우려가 여전히 남아 남아 있다,1
<SK하이닉스>는 실적 상승을 기록했지만 삼성전자는 다소 실망스러운 갑자기 놀라는 모양을 나타내는 말 분기 실적을 발표했다 미국의 추가 금리 인상에 대한 우려가 여전히 남아 있다,1
<SK하이닉스>는 실적 상승을 기록했지만 삼성전자는 다소 실망스러운 실적을 발표했다 미국의 금리 인상에 대한 우려가 전과 다름없이 전과 다름없이 남아 있다,1
반면 <SK하이닉스>는 실적이 상승을 기록했지만 삼성전자는 적기는 하지만 어느 정도로 실망스러운 실적을 발표했다 미국의 금리 인상에 대한 시장 우려가 여전히 남아 있다,1
<SK하이닉스>는 실적이 상승을 기록했지만 삼성전자는 다소 더 실망스러운 실적을 발표했다 미국의 금리 인상에 대한 우려가 전과 다름없이 남아 있다,1
삼성전자와 <SK하이닉스>의 갑자기 놀라는 모양을 나타내는 말 실적 발표 발표 이후 주가는 엇갈렸다 전체 시장은 불확실성이 점차 커지고 있으며 금리 인상 가능성도 여전히 존재한다,0
삼성전자와 <SK하이닉스>의 실적 발표 이후에도 주가는 엇갈렸다 전체 시장은 전과 다름없이 불확실성이 커지고는 있으며 금리 인상 가능성도 전과 다름없이 존재한다,0
삼성전자와 <SK하이닉스>의 실적 발표 이후 주가는 엇갈렸다 전체 시장은 전과 다름없이 불확실성이 커지고 있으며 금리 인상 가능성도 전과 다름없이 전과 다름없이 존재한다,0
삼성전자와 <SK하이닉스>의 실적 발표 발표 이후 주가는 엇갈렸다 전체 시장은 전과 다름없이 불확실성이 커지고 있으며 금리 인상 가능성도 전과 다름없이 존재한다,0
삼성전자와 <SK하이닉스>의 실적 발표 발표 발표 이후 주가는 엇갈렸다 전체 주식 시장은 불확실성이 커지고 있으며 금리 인상 가능성도 전과 다름없이 존재한다,0
<SK하이닉스>의 실적 호조가 반도체 업계에 긍정적인 큰 영향을 미쳤지만 삼성전자의 최근 실적 부진이 시장에 우려를 낳고 있다,1
<SK하이닉스>의 실적 호조가 반도체 업계에 긍정적인 큰 영향을 못 미쳤지만 삼성전자의 실적 갑자기 놀라는 모양을 나타내는 말 부진이 시장에 우려를 낳고 있다,1
<SK하이닉스>의 반도체 부문 실적 호조가 반도체 업계에 긍정적인 영향을 미쳤지만 삼성전자의 실적 부진이 시장에 우려를 낳고 있다,1
<SK하이닉스>의 반도체 실적 호조가 반도체 업계에 긍정적인 영향을 미쳤지만 삼성전자의 실적 부진이 시장에 우려를 더 낳고 있다,1
최근 <SK하이닉스>의 실적 호조가 국내 반도체 업계에 긍정적인 영향을 미쳤지만 삼성전자의 최근 실적 부진이 시장에 우려를 낳고 있다,1
삼성전자는 실적 부진에도 불구하고 금리 인하 기대감으로 상승했지만 <SK하이닉스>는 실적 호조에 힘입어 상승했다,1
삼성전자는 실적 지표 부진에도 불구하고 미국 금리 인하 기대감으로 상승했지만 <SK하이닉스>는 실적 지표 호조에 힘입어 상승했다,1
삼성전자는 실적 부진에도 불구하고 금리 인하 기대감으로 소폭으로 상승했지만 <SK하이닉스>는 실적 호조에 일정한 기준에서 하나도 빼거나 남기지 않고 다 힘입어 상승했다,1
반면 삼성전자는 실적 부진에도 불구하고 금리 인하 기대감으로 상승했지만 <SK하이닉스>는 실적 호조에 힘입어 상승했다,1
삼성전자는 극심한 글로벌 실적 부진에도 불구하고 금리 인하 기대감으로 상승했지만 <SK하이닉스>는 실적 지표 호조에 힘입어 상승했다,1
반면 삼성전자는 실적 부진에도 불구하고 금리 인하 기대감으로 상승했지만 <SK하이닉스>는 실적 호조에 힘입어 소폭 상승했다,1
삼성전자와 <SK하이닉스>가 각각 152 220 하락한 것을 비롯해 국내 반도체주가 줄줄이 내렸다,2
삼성전자와 <SK하이닉스>가 저마다 다따로 152 220으로 하락한 것을 비롯해 국내 주요 반도체주가 줄줄이 내렸다,2
삼성전자와 <SK하이닉스>가 최근 저마다 다따로 152 220 하락한 가운데 것을 비롯해 국내 반도체주가 줄줄이 내렸다,2
삼성전자와 <SK하이닉스>가 저마다 다따로 152 220  하락한 것을 비롯해 국내 반도체주가 줄줄이 내렸다,2
삼성전자와 <SK하이닉스>가 각각 152 152 220으로 하락한 것을 비롯해 국내 반도체주가 줄줄이 내렸다,2
삼성전자와 SK <SK하이닉스>가 각각 152 220 하락한 것을 비롯해 국내 반도체주가도 줄을 이루듯이 잇달아 내렸다,2
삼성전자 울고 <SK하이닉스> 웃고 상반된 분위기  대선 이후 연준 한 번 더 금리 인하 예의주시,1
삼성전자 울고 <SK하이닉스> 웃고  상반된 분위기에  대선 이후 연준 한 번 더  금리 인하 예의주시,1
삼성전자 울고 <SK하이닉스> 웃고 상반된 남북 대화 분위기  대선 이후 연준 한 두 번 더 금리 인하 예의주시,1
삼성 삼성전자 울고 <SK하이닉스> 웃고  상반된 분위기  대선 패배 이후 연준 한 번 더 금리 인하 예의주시,1
삼성전자 울고 <SK하이닉스> 웃고 상반된 분위기  대선 패배 이후 연준 한 번 더  금리 인하 예의주시,1
삼성전자 울고 <SK하이닉스>도 웃고 상반된 대화 분위기  대선 이후 연준 한 두 번 더 금리 인하 예의주시,1
삼성전자는 기대 이상의 실적을 발표했지만 <SK하이닉스>는 다소 부진한 결과를 보였다,2
반면 삼성전자는 기대 이상의 실적을 발표했지만 <SK하이닉스>는 일반적인 기준이나 짐작기대와는 전혀 반대되거나 다르게 다소 부진한 결과를 보였다,2
삼성전자는 기대 이상의 깜짝 실적을 발표했지만 <SK하이닉스>는 오히려 다소 부진한 결과를 보였다,2
삼성전자는 기대 이상의 갑자기 놀라는 모양을 나타내는 말 실적을 잇따라 발표했지만 <SK하이닉스>는 다소 부진한 결과를 보였다,2
반면 삼성전자는 기대 이상의 실적을 발표했지만 <SK하이닉스>는 적기는 하지만 어느 정도로 부진한 결과를 많이 보였다,2
삼성전자는 기대 이상의 실적을 발표했지만 <SK하이닉스>는 오히려 적기는 하지만 어느 정도로 부진한 결과를 보였다,2
삼성전자의 주가는 상승했지만 <SK하이닉스>는 반도체 부문에서 실적 부진을 겪고 있으며 미국의 금리 인상 가능성도 부담으로 작용하고 있다,2
삼성전자의 주가는 소폭 상승했지만 <SK하이닉스>는 반도체 부문에서 실적이 부진을 겪고 있으며 향후 미국의 금리 인상 가능성도 부담으로 작용하고 있다,2
삼성전자의 주가는 상승했지만 <SK하이닉스>는 반도체 부문에서 실적 부진을 겪고 있으며 미국의 금리 추가 인상 가능성도 부담으로 작용하고는는 있다,2
지나간 지 얼마 안 된 즈음 삼성전자의 주가는 소폭 상승했지만 <SK하이닉스>는 반도체 부문에서 실적 부진을 겪고 있으며 향후 미국의 금리 인상 가능성도 부담으로 작용하고 있다,2
삼성전자의 최근 주가는 상승했지만 <SK하이닉스>는 반도체 사업 부문에서 실적이 부진을 겪고 있으며 미국의 금리 인상 가능성도 부담으로 작용하고 있다,2
삼성전자의 주가는 상승했지만 <SK하이닉스>는 반도체 부문에서 실적 부진을 겪고 있으며 미국의 추가 금리 인상의 가능성도 부담으로 작용하고 있다,2
삼성전자와 <SK하이닉스>의 주가는 각각 다르게 움직였지만 최근 전체적으로 반도체 관련 시장은 성격이나 언행이 수선스럽지 않고 얌전히 변동하고 있다,0
삼성전자와 SK <SK하이닉스>의 주가는 저마다 다따로 다르게 잘 움직였지만 전체적으로 반도체 시장은 조용히 변동하고 있다,0
그동안 삼성전자와 <SK하이닉스>의 주가는 각각 서로 다르게 움직였지만 전체적으로 반도체 시장은 조용히 변동하고 있다,0
최근 삼성전자와 <SK하이닉스>의 주가는 각각 다르게 움직였지만 전체적으로 메모리 반도체 시장은 성격이나 언행이 수선스럽지 않고 얌전히 변동하고 있다,0
뉴욕 증시는 반등했지만 삼성전자는 3분기 예상보다 다소 낮은 실적을 발표했다 한편 <SK하이닉스>는 긍정적인 실적 소식을 전하며 상승세를 보였다,1
뉴욕 증시는 반등했지만 이날 삼성전자는 3분기 예상보다 낮은 실적을 발표했다 관형사형 어미는의 뒤에 쓰여 어떤 행동을 하면서 동시에 또 다른 행동을 하는 것이나 어떤 상황에 또 다른 상황이 이어지는 것을 나타내는 말 이날 <SK하이닉스>는 긍정적인 소식을 전하며 상승세를 보였다,1
뉴욕 증시는 반등했지만 삼성전자는 3분기 예상보다 낮은 실적을 발표했다 관형사형 어미는의 뒤에 쓰여 어떤 행동을 하면서 동시에 또 다른 행동을 하는 것이나 어떤 상황에 또 다른 상황이 이어지는 것을 나타내는 말 <SK하이닉스>는 긍정적인 소식을 잇따라 전하며 상승세를 보였다,1
뉴욕 증시는 반등했지만 삼성전자는 지난 3분기 예상보다 낮은 실적을 발표했다 관형사형 어미는의 뒤에 쓰여 어떤 행동을 하면서 동시에 또 다른 행동을 하는 것이나 어떤 상황에 또 다른 상황이 이어지는 것을 나타내는 말 <SK하이닉스>는 긍정적인 실적 소식을 전하며 상승세를 보였다,1
뉴욕 증시는 반등했지만 삼성전자는 3분기 이후 예상보다 낮은 실적을 발표했다 관형사형 어미는의 뒤에 쓰여 어떤 행동을 하면서 동시에 또 다른 행동을 하는 것이나 어떤 상황에 또 다른 상황이 이어지는 것을 나타내는 말 <SK하이닉스>는 긍정적인 실적 소식을 잇따라 전하며 상승세를 보였다,1
반면 <SK하이닉스>는 실적 상승을 기록했지만 삼성전자는 다소 실망스러운 실적을 발표했다 미국의 금리 인상에 이에 대한 우려가 전과 다름없이 남아 남아 있다,1
<SK하이닉스>는 실적 상승을 기록했지만 삼성전자는 다소 더 실망스러운 실적을 발표했다 미국의 금리 인상에 이에 대한 우려가 여전히 남아 있다,1
<SK하이닉스>는 실적 상승을 기록했지만 삼성전자는 다소 실망스러운 실적을 발표했다 미국의 금리 인상에 대한 우려가 전과 다름없이 전과 다름없이 전과 다름없이 전과 다름없이 남아 있다,1
<SK하이닉스>는 실적 상승을 기록했지만 삼성전자는 지난달 다소 실망스러운 실적을 발표했다 미국의 금리 인상에 대한 우려가 전과 다름없이 전과 다름없이 남아 남아 있다,1
<SK하이닉스>는 실적이 상승을 기록했지만 삼성전자는 다소 실망스러운 실적을 발표했다 미국의 금리 인상에 대한 우려가 여전히 남아 남아 있다,1
삼성전자와 <SK하이닉스>의 갑자기 놀라는 모양을 나타내는 말 실적 발표 이후 주가는 계속 엇갈렸다 미국 전체 시장은 불확실성이 커지고 있으며 금리 인상 가능성도 여전히 존재한다,0
그러나 삼성전자와 <SK하이닉스>의 실적 발표 발표 이후 주가는 어떤 현상이나 행동이 끊이지 않고 잇따라 엇갈렸다 전체 시장은 불확실성이 커지고 있으며 금리 인상 가능성도 여전히 존재한다,0
삼성전자와 <SK하이닉스>의 깜짝 실적 발표 이후 주가는 엇갈렸다 미국 전체 시장은 불확실성이 커지고 있으며 금리 인상의 가능성도 전과 다름없이 존재한다,0
삼성전자와 <SK하이닉스>의 실적 발표 이후 주가는 다소 엇갈렸다 전체 시장은 불확실성이 커지고는 있으며 금리 추가 인상 가능성도 전과 다름없이 존재한다,0
삼성전자와 <SK하이닉스>의 실적 발표 발표 이후 주가는 엇갈렸다 미국 전체 시장은 불확실성이 커지고 있으며 금리 인상 가능성도 전과 다름없이 존재한다,0
<SK하이닉스>의 실적 호조가 국내 반도체 업계에 긍정적인 큰 영향을 미쳤지만 삼성전자의 실적 부진이 시장에서 우려를 낳고 있다,1
<SK하이닉스>의 반도체 실적 호조가 반도체 업계에는 긍정적인 영향을 미쳤지만 삼성전자의 실적 부진이 시장에 우려를 낳고는 있다,1
<SK하이닉스>의 실적 호조가 국내 반도체 업계에 긍정적인 영향을 수효나 분량이 일정한 기준치보다 위에 있게 미쳤지만 삼성전자의 실적 부진이 시장에서 우려를 낳고 있다,1
<SK하이닉스>의 실적 호조가 반도체 업계에 긍정적인 영향을 미쳤지만 삼성전자의 실적 갑자기 놀라는 모양을 나타내는 말 부진이 시장에 우려를 더 낳고는 있다,1
<SK하이닉스>의 실적 호조가 반도체 업계에는 긍정적인 영향을 미쳤지만 삼성전자의 실적 부진이 시장에 우려를 낳고는 있다,1
삼성전자는 실적 부진에도 불구하고 미국 금리 인하 기대감으로 좁은 폭 상승했지만 <SK하이닉스>는 실적 지표 호조에 힘입어 상승했다,1
삼성전자는 실적 부진에도 불구하고 미국 금리 인하 기대감으로 상승했지만 <SK하이닉스>는 실적의 호조에 힘입어 상승했다,1
삼성전자는 실적 부진에도 불구하고 금리 인하 기대감으로 상승했지만 <SK하이닉스>는 실적 호조에 힘입어 이전 상태나 행동이 그쳤다가 이어지면서 새로이 또 소폭 상승했다,1
삼성전자는 실적 부진에도 그럼에도 그럼에도 불구하고 금리 인하 기대감으로 상승했지만 <SK하이닉스>는 실적 지표 호조에 힘입어 상승했다,1
삼성전자는 상반기 실적 부진에도 불구하고 금리 인하 기대감으로 좁은 폭 상승했지만 <SK하이닉스>는 하반기 실적 호조에 힘입어 상승했다,1
삼성전자가 반도체 부문에서 실적 부진을 겪고 있으나 <SK하이닉스>는 예상을 상회하는 성과를 기록하며 두 기업의 주가는 다르게 움직였다,1
삼성전자가 반도체 부문에서 실적 부진을 겪고 있으나 <SK하이닉스>는 시장 예상을 어떤 것에 비하여 그 정도가심하거나 더하게 상회하는 성과를 기록하며 두 기업의 주가는 다르게 움직였다,1
삼성전자가 반도체 사업 부문에서 극심한 실적 부진을 겪고 있으나 <SK하이닉스>는 예상을 상회하는 성과를 기록하며 두 기업의 주가는 다르게 움직였다,1
삼성전자가 반도체 부문에서 실적이 부진을 겪고 있으나 <SK하이닉스>는 예상을 상회하는 성과를 기록하며 두 기업의 주가는 다르게 움직였다,1
삼성전자가 반도체 사업 부문에서 실적이 부진을 겪고는 있으나 <SK하이닉스>는 예상을 상회하는 성과를 기록하며 두 기업의 주가는 다르게 움직였다,1
삼성전자가 반도체 부문에서 실적 부진을 겪고 있으나 <SK하이닉스>는 예상을 상회하는 갑자기 놀라는 모양을 나타내는 말 성과를 기록하며 두 개 상장 기업의 주가는 다르게 움직였다,1
반도체 업계는 삼성전자와 <SK하이닉스>의 실적 발표에 따라 다른 반응을 보였고 시장은 여전히 불확실한 상황에 처해 있다,0
반도체 관련 업계는 삼성전자와 <SK하이닉스>의 실적 발표 발표에 따라 다른 반응을 보였고 시장은 전과 다름없이 불확실한 시장 상황에 처해 있다,0
그러나 반도체 업계는 삼성전자와 <SK하이닉스>의 실적 발표에 따라 다른 반응을 보였고 시장은 그러나 전과 다름없이 전과 다름없이 불확실한 상황에 처해 있다,0
그러나 반도체 업계는 삼성전자와 <SK하이닉스>의 실적 발표에 따라 다른 엇갈린 반응을 보였고 반도체 시장은 여전히 불확실한 상황에 처해 있다,0
반도체 업계는 삼성전자와 <SK하이닉스>의 실적 발표에 따라 저마다 따로 따로 다른 반응을 보였고 시장은 여전히 불확실한 시장 불안 상황에 처해 있다,0
반도체 업계는 삼성전자와 <SK하이닉스>의 실적 발표에 따라 다른 엇갈린 반응을 보였고 시장은 여전히 여전히 불확실한 시장 상황에 처해 있다,0
<SK하이닉스>는 글로벌 반도체 시장의 성장에 따라 실적이 상승했지만 삼성전자는 반도체 가격 하락으로 실적이 부진했다,1
<SK하이닉스>는 글로벌 반도체 시장의 성장에 이에 따라 반도체 실적이 상승했지만 다른 것보다 더욱 두드러지게 삼성전자는 반도체 가격 하락으로 실적이 부진했다,1
<SK하이닉스>는 글로벌 메모리 반도체 시장의 성장에 따라 실적이 상승했지만 삼성전자는 반도체 가격의 하락으로 인해 실적이 부진했다,1
<SK하이닉스>는 글로벌 메모리 반도체 시장의 성장에 따라 실적이 소폭 상승했지만 삼성전자는 반도체 가격 하락으로 실적이 적기는 하지만 어느 정도로 부진했다,1
<SK하이닉스>는 글로벌 반도체 시장의 성장에 따라 반도체 실적이 상승했지만 특히 삼성전자는 반도체 가격 하락으로 실적이 부진했다,1
<SK하이닉스>는 지난해 글로벌 반도체 시장의 성장에서 따라 실적이 상승했지만 삼성전자는 글로벌 반도체 가격 하락으로 실적이 부진했다,1
삼성전자가 새로운 기술 혁신을 발표했지만 <SK하이닉스>는 업계의 부진을 이겨내지 못하고 주가는 하락세를 보였다,2
삼성전자가 새로운 반도체 기술 혁신을 발표했지만 <SK하이닉스>는 반도체 업계의 부진을 이겨내지 못하고 주가는 하락세를 어떤 현상이나 행동이 끊이지 않고 잇따라 보였다,2
이날 삼성전자가 새로운 기술적 혁신을 발표했지만 이날 <SK하이닉스>는 업계의 부진을 이겨내지 못하고 주가는 하락세를 보였다,2
삼성전자가 새로운 기술과 혁신을 발표했지만 정작 <SK하이닉스>는 반도체 업계의 부진을 이겨내지 못하고 주가는 하락세를 보였다,2
삼성전자가 새로운 기술 혁신을 발표했지만 그러나 정작 <SK하이닉스>는 업계의 부진을 이겨내지 못하고 주가는 하락세를 보였다,2
삼성전자가 새로운 기술 혁신을 공식 발표했지만 <SK하이닉스>는 반도체 업계의 부진을 이겨내지 못하고 주가는 하락세를 보였다,2
삼성전자의 실적 발표 이후 주식이 하락했지만 <SK하이닉스>는 실적 호조에 힘입어 상승세를 보였다,1
삼성전자의 실적 발표 이후 삼성전자 주식이 하락했지만 이날 <SK하이닉스>는 실적 호조에 힘입어 상승세를 보였다,1
삼성전자의 갑자기 놀라는 모양을 나타내는 말 실적 발표 이후 주식이 하락했지만 이날 <SK하이닉스>는 실적 호조에 힘입어 상승세를 보였다,1
삼성전자의 실적 발표 이후 주식이 하락했지만 <SK하이닉스>는 실적의 호조에 힘입어 상승세를 더 보였다,1
지나간 지 얼마 안 된 즈음 삼성전자의 실적 발표 이후 삼성전자 주식이 하락했지만 <SK하이닉스>는 실적 호조에 힘입어 상승세를 보였다,1
삼성전자의 깜짝 실적 발표 이후 주식이 하락했지만 <SK하이닉스>는 실적 호조에 힘입어 가파른 상승세를 보였다,1
삼성전자가 다소 실망스러운 실적을 발표한 반면 <SK하이닉스>는 기대 이상으로 실적을 개선했다,1
반면 삼성전자가 적기는 하지만 어느 정도로 더 실망스러운 실적을 발표한 반면 <SK하이닉스>는 기대 이상으로 실적을 개선했다,1
반면 삼성전자가 적기는 하지만 어느 정도로 실망스러운 실적을 발표한 반면 <SK하이닉스>는 기대치 이상으로 실적을 개선했다,1
삼성전자가 다소간 실망스러운 갑자기 놀라는 모양을 나타내는 말 실적을 발표한 반면 <SK하이닉스>는 기대 이상으로 실적을 개선했다,1
삼성전자가 최근 다소 실망스러운 실적을 발표한 반면 <SK하이닉스>는 기대 이상으로 실적을 이전과 비교해서 큰 차이가 나게 개선했다,1
삼성전자가 다소 실망스러운 갑자기 놀라는 모양을 나타내는 말 실적을 발표한 반면 SK <SK하이닉스>는 기대 이상으로 실적을 개선했다,1
아마존은 분기 실적에서 예상보다 높은 매출을 기록하며 주가가 상승했다 <SK하이닉스>는 반도체 부문에서 실적 부진을 겪었다,2
아마존은 분기 실적에서 시장 예상보다 높은 수준의 매출을 기록하며 주가가 상승했다 <SK하이닉스>는 반도체 사업 부문에서 실적 부진을 겪었다,2
아마존은 분기 실적에서 시장 예상보다 높은 수준의 매출을 기록하며 주가가 소폭 상승했다 <SK하이닉스>는 반도체 부문에서 실적 부진을 겪었다,2
반면 아마존은 분기 실적에서 예상보다 높은 매출을 기록하며 주가가 소폭 상승했다 <SK하이닉스>는 메모리 반도체 부문에서 실적 부진을 겪었다,2
아마존은 분기별 실적에서 예상보다 높은 매출을 저마다 다따로 기록하며 주가가 상승했다 <SK하이닉스>는 반도체 부문에서 극심한 실적 부진을 겪었다,2
아마존은 분기 실적에서 전체 시장 예상보다 높은 매출을 기록하며 주가가 소폭 상승했다 <SK하이닉스>는 반도체 부문에서 실적 부진을 겪었다,2
아마존의 클라우드 서비스가 예상보다 낮은 성장을 기록하며 주가는 하락했다 <SK하이닉스>는 반도체 수요 증가로 주가가 상승했다,1
아마존의 아마존 클라우드 서비스가 예상보다 낮은 성장을 기록하며 주가는 하락했다 <SK하이닉스>는 메모리 반도체의 수요 증가로 주가가 상승했다,1
아마존의 클라우드 컴퓨팅 서비스가 예상보다 낮은 성장을 기록하며 주가는 하락했다 반면 <SK하이닉스>는 반도체의 수요 증가로 주가가 상승했다,1
반면 아마존의 클라우드 서비스가 예상보다 낮은 성장을 기록하며 주가는 하락했다 <SK하이닉스>는 반도체 수요의 증가로 주가가 소폭 상승했다,1
아마존의 클라우드 서비스가 시장 예상보다 낮은 성장을 기록하며 주가는 하락했다 <SK하이닉스>는 메모리 반도체 수요량 증가로 주가가 상승했다,1
아마존의 클라우드 서비스가 예상보다 더 낮은 성장을 기록하며 주가는 하락했다 <SK하이닉스>는 반도체 수요량 증가로 주가가 소폭 상승했다,1
아마존의 새로운 스마트 기기가 큰 인기를 끌며 매출 성장이 두드러졌다 <SK하이닉스>는 반도체 부문에서 견조한 실적을 기록했다,0
아마존의 새로운 스마트 기기가 큰 시장 인기를 끌며 반도체 매출 성장이 두드러졌다 <SK하이닉스>는 반도체 부문에서 견조한 실적을 쉬거나 중단함이 없이 한결같게 기록했다,0
아마존의 새로운 스마트 기기가 큰 인기를 끌며 매출의 성장이 두드러졌다 <SK하이닉스>는 반도체 부문에서만 견조한 매출 실적을 기록했다,0
아마존의 새로운 모바일 스마트 기기가 큰 인기를 끌며 반도체 매출 성장이 두드러졌다 다른 것보다 더욱 두드러지게 <SK하이닉스>는 반도체 부문에서 견조한 실적을 기록했다,0
아마존의 새로운 스마트 기기가 큰 인기를 끌며 반도체 매출 성장이 두드러졌다 <SK하이닉스>는 반도체 부문에서만 견조한 매출 실적을 기록했다,0
다른 것보다 더욱 두드러지게 아마존의 새로운 스마트 기기가 큰 인기를 끌며 매출 성장이 두드러졌다 다른 것보다 더욱 두드러지게 <SK하이닉스>는 반도체 사업 부문에서 견조한 실적을 기록했다,0
아마존의 3분기 실적 발표에서 클라우드 부문 성장 둔화가 우려를 불러일으켰다 <SK하이닉스>는 새로운 기술 혁신으로 주가가 반등했다,1
아마존의 3분기 실적 발표에서 클라우드 컴퓨팅 부문 성장 둔화가 우려를 불러일으켰다 반면 <SK하이닉스>는 새로운 기술적 혁신으로 주가가 반등했다,1
아마존의 3분기 실적 발표에서 클라우드 부문의 성장 둔화가 시장 우려를 불러일으켰다 <SK하이닉스>는 최근 새로운 기술 혁신으로 주가가 반등했다,1
아마존의 3분기 실적 발표에서 클라우드 부문 성장 둔화가 글로벌 시장 우려를 불러일으켰다 반면 <SK하이닉스>는 새로운 기술 혁신으로 주가가 반등했다,1
지난해 아마존의 3분기 실적 발표에서 클라우드 컴퓨팅 부문 성장 둔화가 우려를 불러일으켰다 <SK하이닉스>는 새로운 기술 혁신으로 주가가 소폭 반등했다,1
아마존의 3분기 실적 실적 발표에서 클라우드 부문의 성장 둔화가 우려를 불러일으켰다 <SK하이닉스>는 새로운 클라우드 기술 혁신으로 주가가 반등했다,1
아마존은 올해 첫 분기 매출이 예상보다 부진했지만 다가오는 연휴 시즌에 대한 기대감이 커졌다 <SK하이닉스>는 반도체 수요 호조로 실적이 상승했다,1
아마존은 올해 첫 분기 매출이 예상보다 부진했지만 이전 상태나 행동이 그쳤다가 이어지면서 새로이 또 다가오는 연휴 시즌에 대한 기대감이 커졌다 <SK하이닉스>는 올해 반도체 패널 수요의 호조로 실적이 상승했다,1
반면 아마존은 지난해 올해 첫 분기 매출이 예상보다 부진했지만 올해 다가오는 연휴 시즌에 대한 기대감이 커졌다 <SK하이닉스>는 메모리 반도체 수요 호조로 실적이 상승했다,1
아마존은 올해 첫 분기 매출이 예상보다 부진했지만 또 이전 상태나 행동이 그쳤다가 이어지면서 새로이 또 다가오는 연휴 시즌에 대한 투자 기대감이 커졌다 <SK하이닉스>는 반도체 수요 호조로 실적이 상승했다,1
아마존은 올해 첫 분기 매출이 예상보다 부진했지만 다가오는 연휴 시즌에 대한 투자 기대감이 커졌다 <SK하이닉스>는 반도체 패널 패널 수요의 호조로 실적이 상승했다,1
아마존은 올해 첫 분기 매출이 예상보다 부진했지만 다가오는 연휴 시즌에 이에에 대한 기대감이 커졌다 반면 <SK하이닉스>는 반도체 수요의 호조로 실적이 상승했다,1
아마존의 물류 부문 비용 증가가 실적에 악영향을 미쳤지만 전반적인 수익성은 여전히 높은 수준을 유지하고 있다 <SK하이닉스>는 반도체 시장에서 강한 경쟁력을 보이고 있다,1
아마존의 물류 부문 비용 증가가 실적에 악영향을 미쳤지만 업계의 전반적인 수익성은 전과 다름없이 높은 수준을 유지하고는 있다 <SK하이닉스>는 반도체 시장에서 강한 경쟁력을 보이고 있다,1
아마존의 물류 부문의 비용 증가가 실적에는 악영향을 수효나 분량이 일정한 기준치보다 위에 있게 미쳤지만 전반적인 사업 수익성은 여전히 높은 수준을 유지하고 있다 <SK하이닉스>는 반도체 시장에서 강한 경쟁력을 보이고 있다,1
아마존의 물류 부문 비용 증가가 기업들의 실적에 악영향을 미쳤지만 전반적인 수익성은 전과 다름없이 높은 수준을 유지하고 있다 <SK하이닉스>는 반도체 부품 시장에서 강한 경쟁력을 보이고는 있다,1
아마존의 물류 부문 비용 증가가 실적에 악영향을 미쳤지만 업계 전반적인 수익성은 여전히 높은 수준을 유지하고 있다 그리고 다른 것보다 더욱 두드러지게 <SK하이닉스>는 메모리 반도체 시장에서 강한 경쟁력을 보이고 있다,1
아마존의 물류 부문의 비용 증가가 실적에 큰 폭 악영향을 미쳤지만 업계 전반적인 수익성은 전과 다름없이 높은 수준을 유지하고 있다 <SK하이닉스>는 반도체 시장에서 강한 경쟁력을 보이고 있다,1
아마존이 자사의 웹 서비스 부문에서 큰 성장을 기록하면서 주가가 반등했다 <SK하이닉스>는 실적 발표 후 주가가 소폭 하락했다,2
특히 아마존이 자사의 웹 서비스 부문에서 가장 큰 성장을 기록하면서 이날 주가가 반등했다 <SK하이닉스>는 실적 발표 후 주가가 좁은 폭 하락했다,2
아마존이 자사의 웹 서비스 사업 부문에서 큰 성장을 한데 섞여 어우러져 기록하면서 주가가 반등했다 <SK하이닉스>는 실적 발표 후 주가가 소폭 하락했다,2
아마존이 지난해 자사의 웹 서비스 부문에서 큰 성장을 기록하면서 올해 주가가 반등했다 <SK하이닉스>는 실적 발표 후 주가가 소폭으로 하락했다,2
아마존이 자사의 웹 기반 서비스 사업 부문에서 큰 성장을 기록하면서 주가가 반등했다 <SK하이닉스>는 실적 발표 후에도 주가가 좁은 폭 하락했다,2
아마존이 자사의 웹 서비스 부문에서 큰 성장을 기록하면서 주가가 좁은 폭 반등했다 <SK하이닉스>는 실적 발표 후에도 계속 주가가 좁은 폭 하락했다,2
아마존의 분기 실적 발표에서 연간 성장률 전망이 하향 조정되었지만 이커머스 부문은 여전히 강한 성장을 보이고 있다 <SK하이닉스>는 반도체 시장의 불확실성에 직면하고 있다,2
아마존의 올해 분기 실적 발표에서 연간 분기 성장률 전망 전망이 하향 조정되었지만 이커머스 반도체 부문은 전과 다름없이 강한 성장을 보이고 있다 <SK하이닉스>는 반도체 시장의 불확실성에 직면하고 있다,2
아마존의 분기별 실적 발표 발표에서 연간 성장률 전망이 하향 조정되었지만 이커머스 부문은 전과 다름없이 전과 다름없이 강한 마이너스 성장을 보이고 있다 <SK하이닉스>는 반도체 시장의 불확실성에 직면하고 있다,2
아마존의 지난 분기 실적 발표에서 연간 성장률 전망이 하향 조정되었지만 이커머스 부문은 전과 다름없이 강한 성장을 보이고 있다 <SK하이닉스>는 반도체 사업 시장의 전과 다름없이 전과 다름없이 불확실성에 직면하고 있다,2
아마존의 분기별 실적 발표에서 올해 연간 성장률 전망이 하향 앞내용이거나 뒤내용임을 나타낼 때 쓰여 앞뒤 어구를 이어주는 말 조정되었지만 이커머스 부문은 여전히 강한 성장을 보이고 있다 <SK하이닉스>는 메모리 반도체 시장의 불확실성에 직면하고 있다,2
아마존의 분기 실적 발표 발표에서 연간 성장률 전망이 하향 조정되었지만 이커머스 부문은 여전히 여전히 강한 성장을 보이고 있다 그리고 과거도 미래도 아닌 지금의 시간 <SK하이닉스>는 반도체 시장의 불확실성에 직면하고 있다,2
아마존의 물류망 확장이 반영된 실적 발표 후 시장은 긍정적인 반응을 보였다 <SK하이닉스>는 반도체 시장에서 높은 성장세를 보였다,1
아마존의 물류망 확장이 반영된 실적 발표 후 중국 시장은 긍정적인 반응을 보였다 반면 <SK하이닉스>는 반도체 시장에서 높은 매출 성장세를 보였다,1
아마존의 물류망 확장이 반영된 실적 발표 후 시장은 긍정적인 시장 반응을 보였다 <SK하이닉스>는 반도체 시장에서 역대 여럿 가운데서 으뜸으로 높은 성장세를 보였다,1
아마존의 글로벌 물류망 사업 확장이 반영된 실적 발표 후 시장은 긍정적인 시장 반응을 보였다 <SK하이닉스>는 반도체 시장에서 높은 성장세를 보였다,1
아마존의 물류망 확장이 반영된 실적 발표와 발표 후 중국 시장은 긍정적인 반응을 보였다 <SK하이닉스>는 반도체 시장에서 높은 성장세를 보였다,1
아마존의 물류망 사업 확장이 반영된 이번 실적 발표 발표 후 시장은 긍정적인 반응을 보였다 <SK하이닉스>는 반도체 시장에서 높은 성장세를 보였다,1
아마존은 글로벌 경제 불확실성 속에서도 꾸준한 성장률을 기록하며 투자자들의 신뢰를 얻었다 <SK하이닉스>는 반도체 부문에서 실적 부진을 보였다,2
아마존은 글로벌 글로벌 경제 불확실성 속에서도 전과 다름없이 꾸준한 성장률을 기록하며 투자자들의 신뢰를 얻었다 <SK하이닉스>는 반도체 부문에서 실적 부진을 다시 보였다,2
반면 아마존은 글로벌 경제 불확실성 속에서도 꾸준한 성장률을 기록하며 투자자들의 신뢰를 얻었다 <SK하이닉스>는 올해도 반도체 부문에서 실적 부진을 보였다,2
아마존은 지난해 글로벌 경제 불확실성 속에서도 꾸준한 성장률을 기록하며 투자자들의 큰 신뢰를 얻었다 <SK하이닉스>는 반도체 부문에서 실적이 부진을 보였다,2
아마존은 글로벌 경제 불확실성 속에서도 꾸준한 성장률을 쉬거나 중단함이 없이 한결같게 기록하며 글로벌 투자자들의 신뢰를 얻었다 <SK하이닉스>는 반도체 부문에서 실적 부진을 보였다,2
아마존은 글로벌 글로벌 경제 불확실성 속에서도 꾸준한 매출과 성장률을 기록하며 투자자들의 신뢰를 얻었다 <SK하이닉스>는 반도체 부문에서 실적 부진을 보였다,2
또 <SK하이닉스>는 156 내렸다 이 외 LG에너지솔루션 삼성바이오로직스 현대차 등이 3 이상 밀렸다 이날 코스피에서는 한국패러랠 대원화성이 상한가를 기록하며 107개 종목이 올랐으며 하한가 없이 803개 종목이,2
또 <SK하이닉스>는 156 내렸다 이 외 LG에너지솔루션 삼성바이오로직스 현대차 등이 3 이상 밀렸다 이날 코스피에서는 한국패러랠 대원화성이 상한가를 다수 기록하며 107개의 상한가 종목이 올랐으며 하한가 일부명사 뒤에 쓰여 그 명사가 뜻하는 행위나 현상이 없는 상태임을 나타내는 말 803개의 상한가 종목이,2
또 <SK하이닉스>는 156  내렸다 이 외에 LG에너지솔루션 삼성바이오로직스 현대차 등이 3 이상 밀렸다 관형사형 어미는의 뒤에 쓰여 어떤 행동을 하면서 동시에 또 다른 행동을 하는 것이나 어떤 상황에 또 다른 상황이 이어지는 것을 나타내는 말 이날 코스피에서는 이날 한국패러랠 대원화성이 일제히 상한가를 기록하며 107개 종목이 올랐으며 하한가 없이 803개 종목이,2
또 이날 <SK하이닉스>는  156 내렸다 뒤 내용이 앞내용의 예외나 조건이 될 때 쓰여 앞뒤 문장을 이어주는 말 이 외 LG에너지솔루션 삼성바이오로직스와 현대차 등이 3 이상 밀렸다 이날 코스피에서는 한국패러랠 대원화성이 상한가를 기록하며 107개 종목이 올랐으며 하한가 없이 803개 종목이 내린다,2
또 <SK하이닉스>는 156 내렸다 이 외 LG에너지솔루션 삼성바이오로직스 현대차 현대모비스 등이 3 이상 밀렸다 이날 코스피에서는 한국패러랠 대원화성이 상한가를 각각 기록하며 107개 종목이 모두 올랐으며 하한가도 일부명사 뒤에 쓰여 그 명사가 뜻하는 행위나 현상이 없는 상태임을 나타내는 말 803개의 종목이,2
또 <SK하이닉스>는 156  내렸다 이 외 LG에너지솔루션 삼성바이오로직스 현대차 현대모비스 등이 3 이상씩 밀렸다 한편 이날 코스피에서는 한국패러랠 대원화성이 상한가를 기록하며 일정한 기준에서 하나도 빼거나 남기지 않고 다 107개 종목이 올랐으며 하한가 없이 803개 종목이,2
중국의 창신메모리CXMT는 D램 생산 분야에서 삼성전자와 <SK하이닉스> 마이크론 3사의 과점 구도를 깰 수 있을 만큼 성장하였으며 중국은 고액 연봉으로 해외 우수 인재들을 끌어모아 고사양 반도체에서도 기술 독립을,2
중국의 창신메모리CXMT는 D램 생산 분야에서 삼성전자와 <SK하이닉스> 마이크론 등 3사의 과점 구도를 깰 할 수 있을 만한 규모 만큼 성장하였으며 중국은 고액 연봉으로 해외 우수 인재들을 한꺼번에 아주 많이 끌어모아 고사양 반도체에서도 기술 독립을,2
중국의 반도체 창신메모리CXMT는 메모리 D램 생산 분야에서 삼성전자와 <SK하이닉스> 마이크론 3사의 과점 구도를 모두 깰 수 있을 만한 만큼 성장하였으며 중국은 한해한 해의 모든 해마다 고액 연봉으로 해외 우수 인재들을 끌어모아 고사양 반도체에서도 기술 독립을,2
둘 이상의 대상이 서로 마찬가지일 때 쓰여두어구나 문장 등을 이어주는 말 중국의 반도체 창신메모리CXMT는 D램 생산 분야에서의 삼성전자와 <SK하이닉스> 마이크론 등 3사의 과점 구도를 깰 수 있을 만큼 성장하였으며 중국은 고액 연봉으로 인해 해외 우수 인재들을 끌어모아 고사양 반도체에서도 기술 독립을,2
중국의 창신메모리CXMT는 D램 생산 분야에서 삼성전자와 <SK하이닉스> 마이크론 등 3사의 과점 구도를 깰 수 있을 만큼 성장하였으며 중국은 엄청난 고액 연봉으로 해외 우수한 인재들을 끌어모아 고사양 메모리 반도체에서도의 기술 독립을,2
중국의 반도체 창신메모리CXMT는 D램 생산 기술 분야에서 삼성전자와 <SK하이닉스> 마이크론 3사의 과점 구도를 깰 수는 있을 만큼 성장하였으며 중국은 고액 연봉으로 해외 우수 인재들을 끌어모아 다른 고사양 반도체에서도 기술 독립을,2
삼성전자는 반도체 부문에서 실적 부진을 겪었고 <SK하이닉스>는 기대 이상으로 실적을 개선하며 주가는 상승했다,1
삼성전자는 반도체 부문에서 실적 부진을 겪었고 <SK하이닉스>는 시장 기대치 이상으로 실적을 이전과 비교해서 큰 차이가 나게 개선하며 주가는 상승했다,1
삼성전자는 반도체 사업 부문에서 실적 부진을 수효나 분량이 일정한 기준치보다 위에 있게 겪었고 <SK하이닉스>는 기대치 이상으로 실적을 개선하며 주가는 상승했다,1
삼성전자는 올해 반도체 부문에서 실적이 부진을 겪었고 지난해 <SK하이닉스>는 기대 이상으로 실적을 개선하며 주가는 상승했다,1
삼성전자는 반도체 부문에서 실적 부진을 여럿 가운데서 으뜸으로 많이 겪었고 반면 <SK하이닉스>는 기대 이상으로 실적을 개선하며 주가는 상승했다,1
삼성전자는 반도체 사업 부문에서 실적이 부진을 겪었고 <SK하이닉스>는 기대 이상으로 실적을 개선하며 주가는 상승했다,1
삼성전자는 기대 이상의 실적을 발표했지만 <SK하이닉스>는 반도체 가격 하락으로 실적 부진을 겪었다,2
삼성전자는 기대 이상의 실적을 발표했지만 <SK하이닉스>는 메모리 반도체 가격 하락으로 실적이 부진을 겪었다,2
삼성전자는 기대 이상의 실적을 잇따라 발표했지만 <SK하이닉스>는 반도체 패널 가격 하락으로 실적 부진을 겪었다,2
삼성전자는 기대 이상의 실적을 발표했지만 <SK하이닉스>는 최근 반도체 가격 하락으로 실적이 부진을 겪었다,2
삼성전자는 기대 이상의 실적을 발표했지만 <SK하이닉스>는 반도체 가격의 하락으로 실적 부진을 겪었다,2
지난해 삼성전자는 기대 이상의 실적을 발표했지만 <SK하이닉스>는 메모리 반도체 가격 하락으로 실적 부진을 겪었다,2
아마존은 클라우드 서비스 부문에서 예상보다 낮은 성장률을 기록하며 주가는 하락했다 <SK하이닉스>는 반도체 수요 증가로 주가가 상승했다,1
아마존은 클라우드 컴퓨팅 서비스 부문에서 예상보다 낮은 성장률을 각각 기록하며 주가는 좁은 폭 하락했다 <SK하이닉스>는 반도체 수요 증가로 주가가 상승했다,1
아마존은 클라우드 서비스 사업 부문에서 예상보다 낮은 성장률을 기록하며 주가는 하락했다 <SK하이닉스>는 메모리 반도체 수요 증가로 인해 주가가 상승했다,1
반면 아마존은 클라우드 서비스 부문에서 예상보다 낮은 성장률을 기록하며 주가는 하락했다 <SK하이닉스>는 반도체 패널 수요량 증가로 주가가 상승했다,1
아마존은 올해 클라우드 서비스 부문에서 예상보다 더 낮은 성장률을 기록하며 주가는 하락했다 <SK하이닉스>는 반도체 수요 증가로 올해 주가가 상승했다,1
아마존은 클라우드 서비스 부문에서 예상보다 낮은 성장률을 기록하며 주가는 하락했다 <SK하이닉스>는 메모리 반도체 수요의 증가로 인해 주가가 상승했다,1
삼성전자와 <SK하이닉스>의 주가는 다르게 움직였고 전체 반도체 시장은 조용히 변동하고 있다,0
반면 삼성전자와 <SK하이닉스>의 경우 주가는 다르게 움직였고 전체 반도체 시장은 성격이나 언행이 수선스럽지 않고 얌전히 변동하고 있다,0
삼성전자와 <SK하이닉스>의 최근 주가는 다르게 움직였고 전체 반도체 시장은 여전히 조용히 변동하고 있다,0
삼성전자와 <SK하이닉스>의 주가는 다르게 움직였고 전체 반도체 패널 시장은 성격이나 언행이 수선스럽지 않고 얌전히 변동하고만 있다,0
반면 삼성전자와 SK <SK하이닉스>의 주가는 다르게 움직였고 전체 반도체 시장은 성격이나 언행이 수선스럽지 않고 얌전히 변동하고 있다,0
삼성전자와 <SK하이닉스>의 최근 주가는 다르게 움직였고 전체 반도체 시장은 조용히 변동하고 있다,0
아마존은 첫 분기 실적이 예상보다 부진했지만 연휴 시즌에 대한 기대감이 커졌다 <SK하이닉스>는 견조한 실적을 보였다,1
반면 아마존은 올해 첫 분기 실적이 예상보다 부진했지만 연휴 시즌에 대한 기대감이 커졌다 <SK하이닉스>는 적기는 하지만 어느 정도로 견조한 실적을 보였다,1
아마존은 첫 분기에 실적 실적이 예상보다 부진했지만 연휴 시즌에 대한 기대감이 커졌다 <SK하이닉스>는 견조한 갑자기 놀라는 모양을 나타내는 말 실적을 보였다,1
아마존은 첫 분기 실적이 예상보다 부진했지만 연휴 시즌에 이에 대한 투자 기대감이 커졌다 <SK하이닉스>는 견조한 실적을 보였다,1
아마존은 첫 분기 실적이 예상보다 부진했지만 연휴 시즌에 대한 기대감이 커졌다 <SK하이닉스>는 견조한 갑자기 놀라는 모양을 나타내는 말 실적을 또 다시 보였다,1
아마존은 첫 분기 실적이 당초 예상보다 부진했지만 연휴 시즌에 대한 기대감이 커졌다 반면 <SK하이닉스>는 견조한 실적을 이전 상태나 행동이 그쳤다가 이어지면서 새로이 또 보였다,1
삼성전자의 실적은 예상보다 부진했지만 <SK하이닉스>는 반도체 수요 증가로 실적이 상승했다,1
삼성전자의 실적은 예상보다 부진했지만 <SK하이닉스>는 반도체 수요 증가로 인해 실적이 소폭 상승했다,1
삼성전자의 반도체 실적은 당초 예상보다 부진했지만 <SK하이닉스>는 반도체 수요 증가로 실적이 상승했다,1
삼성전자의 실적은 예상보다 부진했지만 지난해 <SK하이닉스>는 메모리 반도체 수요 증가로 실적이 상승했다,1
삼성전자의 실적은 예상보다 부진했지만 <SK하이닉스>는 메모리 반도체 수요의 증가로 실적이 상승했다,1
지난해 삼성전자의 실적은 예상보다 부진했지만 지난해 <SK하이닉스>는 반도체 수요 증가로 실적이 상승했다,1
아마존은 물류 부문에서 비용 증가가 실적에 악영향을 미쳤지만 전반적인 수익성은 여전히 높았다 <SK하이닉스>는 반도체 시장에서 긍정적인 성과를 보였다,1
아마존은 물류 부문에서 비용 증가가 실적에 악영향을 미쳤지만 전반적인 반도체 사업 수익성은 전과 다름없이 높았다 <SK하이닉스>는 반도체 시장에서 긍정적인 추가 투자 성과를 보였다,1
아마존은 물류 부문에서 비용의 증가가 실적에 악영향을 미쳤지만 전반적인 수익성은 전과 다름없이 높았다 <SK하이닉스>는 반도체 부품 관련 시장에서 긍정적인 판매 성과를 보였다,1
아마존은 물류 부문에서 비용 증가가 실적에 악영향을 미쳤지만 전반적인 수익성은 전과 다름없이 전과 다름없이 매우 높았다 <SK하이닉스>는 반도체 시장에서 긍정적인 추가 투자 성과를 보였다,1
아마존은 물류 부문에서 비용 증가가 실적에 큰 부분 악영향을 미쳤지만 전반적인 수익성은 전과 다름없이 전과 다름없이 높았다 <SK하이닉스>는 반도체 시장에서 전과 다름없이 긍정적인 성과를 보였다,1
아마존은 글로벌 물류 부문에서 비용 증가가 실적에 악영향을 많이 미쳤지만 기업 전반적인 수익성은 전과 다름없이 높았다 반면 <SK하이닉스>는 반도체 시장에서 긍정적인 성과를 보였다,1
삼성전자는 올해 3분기 반도체 부문에서 영업이익을 하회했지만 <SK하이닉스>는 반도체 가격 상승으로 이익을 늘렸다,1
삼성전자는 올해 3분기 반도체 부문에서 영업이익을 소폭 하회했지만 <SK하이닉스>는 반도체 가격 상승으로 영업 부문 이익을 늘렸다,1
삼성전자는 올해 3분기 반도체 부문에서 영업이익을 소폭 하회했지만 <SK하이닉스>는 반도체 패널 가격의 상승으로 이익을 늘렸다,1
삼성전자는 올해 들어 3분기 반도체 부문에서 영업이익을 하회했지만 <SK하이닉스>는 반도체 가격의 상승으로 이익을 늘렸다,1
지난해 삼성전자는 더 말할 것도 없이 올해 3분기 반도체 부문에서 영업이익을 하회했지만 지난해 <SK하이닉스>는 반도체 가격 상승으로 이익을 늘렸다,1
삼성전자는 앞서 올해 3분기 반도체 부문에서 영업이익을 하회했지만 <SK하이닉스>는 반도체 가격 상승으로 이익을 더 늘렸다,1
<SK하이닉스>의 실적 발표에서 클라우드 부문 성장 둔화가 우려를 불러일으켰다 아마존는 반도체 시장에서 강세를 보였다,2
<SK하이닉스>의 올해 실적 발표에서 클라우드 부문 성장 둔화가 시장 우려를 불러일으켰다 아마존는 반도체 시장에서 강세를 이어 보였다,2
<SK하이닉스>의 실적 발표에서 클라우드 부문 성장 둔화가 시장 우려를 이전 상태나 행동이 그쳤다가 이어지면서 새로이 또 불러일으켰다 아마존는 반도체 시장에서 강세를 이어 보였다,2
<SK하이닉스>의 실적 발표 발표에서 클라우드 부문의 성장 둔화가 우려를 불러일으켰다 아마존는 반도체 부문 시장에서 강세를 보였다,2
<SK하이닉스>의 실적 발표 발표에서 클라우드 부문 성장 둔화가 우려를 불러일으켰다 아마존는 전과 다름없이 반도체 시장에서 강세를 이어 보였다,2
<SK하이닉스>의 실적 발표에서 클라우드 컴퓨팅 부문 성장 둔화가 시장 우려를 불러일으켰다 아마존는 반도체 부문 시장에서 강세를 보였다,2
삼성전자는 3분기 실적 발표 후 주가가 하락했지만 <SK하이닉스>는 좋은 실적을 발표하며 상승세를 보였다,1
삼성전자는 3분기 실적 발표 후 잠시 주가가 하락했지만 <SK하이닉스>는 이전 상태나 행동이 그쳤다가 이어지면서 새로이 또 좋은 분기 실적을 발표하며 상승세를 보였다,1
삼성전자는 지난 3분기 실적 발표 후 주가가 하락했지만 <SK하이닉스>는 좋은 실적을 자꾸 잇달아서를 이 두식한 자로 쓴 말 발표하며 가파른 상승세를 보였다,1
삼성전자는 3분기 실적 발표 후 주가가 하락했지만 <SK하이닉스>는 좋은 실적을 속속 발표하며 상승세를 이전 상태나 행동이 그쳤다가 이어지면서 새로이 또 보였다,1
삼성전자는 3분기 실적 발표 후 오래지 않은 짧은 동안에 주가가 하락했지만 <SK하이닉스>는 좋은 분기별 실적을 발표하며 상승세를 보였다,1
반면 삼성전자는 3분기 실적 발표 후 주가가 하락했지만 <SK하이닉스>는 더 좋은 실적을 발표하며 상승세를 보였다,1
<SK하이닉스>는 반도체 시장에서 강한 경쟁력을 보이며 실적 상승을 기록했지만 삼성전자는 실적 부진으로 하락했다,1
<SK하이닉스>는 메모리 반도체 반도체 시장에서 강한 경쟁력을 보이며 실적 상승을 기록했지만 이날 삼성전자는 실적 부진으로 하락했다,1
<SK하이닉스>는 반도체 시장에서 강한 가격 경쟁력을 보이며 실적 상승을 기록했지만 삼성전자는 지나간 지 얼마 안 된 즈음 극심한 실적 부진으로 하락했다,1
<SK하이닉스>는 메모리 반도체 시장에서 강한 경쟁력을 펼쳐 보이며 실적 상승을 기록했지만 삼성전자는 실적의 부진으로 하락했다,1
<SK하이닉스>는 메모리 반도체 시장에서 강한 경쟁력을 보이며 실적 상승을 기록했지만 이날 삼성전자는 실적의 부진으로 하락했다,1
<SK하이닉스>는 메모리 반도체 시장에서 강한 경쟁력을 보이며 실적 상승을 기록했지만 삼성전자는 실적의 부진으로 하락했다,1
삼성전자는 실적 부진에도 불구하고 금리 인하 기대감으로 상승했지만 <SK하이닉스>는 실적 호조에 하락했다,2
삼성전자는 실적의 부진에도 불구하고 금리 인하 기대감으로 좁은 폭 상승했지만 <SK하이닉스>는 실적 호조에 하락했다,2
그 반면 삼성전자는 실적 부진에도 불구하고 금리 인하 기대감으로 상승했지만 <SK하이닉스>는 실적 호조에 하락했다,2
삼성전자는 실적 부진에도 불구하고 금리 추가 인하 기대감으로 상승했지만 <SK하이닉스>는 실적 호조에서 하락했다,2
반면 삼성전자는 실적 부진에도 그럼에도 불구하고 금리 인하 기대감으로 상승했지만 <SK하이닉스>는 실적 호조에 하락했다,2
삼성전자는 실적 부진에도 불구하고 금리 추가 추가 인하 기대감으로 상승했지만 <SK하이닉스>는 실적 호조에 하락했다,2
아마존의 분기 실적 발표 후 이커머스 부문은 여전히 강한 성장을 보였지만 <SK하이닉스>는 반도체 시장의 불확실성에 직면했다,2
아마존의 분기 실적 발표 발표 후 이커머스 반도체 부문은 전과 다름없이 강한 성장을 보였지만 <SK하이닉스>는 반도체 사업 시장의 불확실성에 직면했다,2
아마존의 분기 실적 발표 후 미국 모바일 이커머스 부문은 전과 다름없이 강한 성장을 보였지만 <SK하이닉스>는 반도체 시장의 불확실성에 직면했다,2
아마존의 분기 실적 발표 후 이커머스 부문은 올해 여전히 강한 성장을 보였지만 <SK하이닉스>는 여전히 반도체 사업 시장의 불확실성에 직면했다,2
아마존의 분기 실적 발표 후 이커머스 부문은 올해도 전과 다름없이 강한 성장을 보였지만 <SK하이닉스>는 반도체 사업 시장의 불확실성에 직면했다,2
그러나 아마존의 분기 실적 발표 후 이커머스 부문은 전과 다름없이 전과 다름없이 강한 성장을 보였지만 <SK하이닉스>는 전과 다름없이 반도체 시장의 불확실성에 직면했다,2
아마존의 실적 발표에서 예상보다 높은 매출을 기록하며 주가가 상승했다 <SK하이닉스>는 실적 부진으로 하락했다,2
아마존의 실적 개선 발표에서 예상보다 높은 매출을 기록하며 주가가 소폭 상승했다 <SK하이닉스>는 올해 실적 부진으로 하락했다,2
아마존의 올해 실적 발표에서 예상보다 더 높은 매출을 저마다 다따로 기록하며 주가가 상승했다 <SK하이닉스>는 실적 부진으로 하락했다,2
아마존의 실적 발표에서 예상보다 높은 매출을 각각 기록하며 주가가 상승했다 <SK하이닉스>는 거기에다가 또 올해 실적 부진으로 하락했다,2
아마존의 실적 발표에서 예상보다 더 높은 매출을 기록하며 삼성전자 주가가 상승했다 <SK하이닉스>는 실적 부진으로 동반 하락했다,2
아마존의 실적 발표에서 시장 예상보다 높은 수준의 매출을 기록하며 주가가 상승했다 <SK하이닉스>는 실적의 부진으로 하락했다,2
삼성전자는 실적 부진을 겪었지만 <SK하이닉스>는 반도체 시장에서 긍정적인 실적을 발표했다,1
삼성전자는 지난해 실적 부진을 겪었지만 <SK하이닉스>는 반도체 시장에서 여럿 가운데서 으뜸으로 긍정적인 실적을 발표했다,1
삼성전자는 실적 부진을 겪었지만 <SK하이닉스>는 반도체 부품 시장에서 긍정적인 갑자기 놀라는 모양을 나타내는 말 실적을 발표했다,1
삼성전자는 실적 부진을 겪었지만 지나간 지 얼마 안 된 즈음 <SK하이닉스>는 반도체 시장에서 긍정적인 실적을 잇따라 발표했다,1
지난해 삼성전자는 실적 부진을 겪었지만 <SK하이닉스>는 반도체 시장에서 긍정적인 실적을 잇따라 발표했다,1
삼성전자는 실적 부진을 겪었지만 이날 <SK하이닉스>는 반도체 부품 시장에서 긍정적인 실적을 발표했다,1
삼성전자와 <SK하이닉스>의 주가는 상반된 모습을 보였고 전체적으로 반도체 업계는 불확실성이 커지고 있다,2
반면 삼성전자와 <SK하이닉스>의 주가는 상반된 모습을 보였고 전체적으로 반도체 관련 업계는 불확실성이 커지고 있다,2
삼성전자와 <SK하이닉스>의 주가는 상반된 모습을 보였고 전체적으로 반도체 업계는 불확실성이 시간이나 차례에 따라 조금씩 커지고는 있다,2
삼성전자와 <SK하이닉스>의 주가는 상반된 모습을 보였고 전체적으로 반도체 업계는 여전히 불확실성이 더 커지고 있다,2
삼성전자와 <SK하이닉스>의 주가는 상반된 엇갈린 모습을 보였고 전체적으로 반도체 업계는 불확실성이 커지고는 있다,2
삼성전자와 <SK하이닉스>의 주가는 관계되는 둘 이상의 것 사이에서 각기 그 상대에 대하여 상반된 모습을 보였고 전체적으로 반도체 업계는 불확실성이 커지고 있다,2
아마존의 분기 실적 발표에서 클라우드 부문 성장 둔화가 우려를 불러일으켰다 <SK하이닉스>는 실적 상승을 보였다,1
아마존의 분기 실적 발표 발표 발표에서 클라우드 부문 성장 둔화가 우려를 이전 상태나 행동이 그쳤다가 이어지면서 새로이 또 불러일으켰다 <SK하이닉스>는 실적 상승을 보였다,1
아마존의 분기 실적 발표에서 클라우드 부문 성장 둔화가 우려를 불러일으켰다 반면에 <SK하이닉스>는 좁은 폭 실적 상승을 보였다,1
아마존의 지난 분기 실적 발표에서 클라우드 부문 성장 둔화가 우려를 불러일으켰다 반면 <SK하이닉스>는 실적이 상승을 보였다,1
지난해 아마존의 분기 실적 발표에서 클라우드 부문 성장 둔화가 우려를 불러일으켰다 그 반면 <SK하이닉스>는 실적 상승을 보였다,1
아마존의 분기 실적 발표에서 클라우드 부문 성장의 둔화가 우려를 불러일으켰다 <SK하이닉스>는 실적이 상승을 보였다,1
삼성전자는 반도체 부문에서 실적 부진을 겪고 있으며 <SK하이닉스>는 반도체 가격 상승으로 실적을 개선했다,1
반면 삼성전자는 반도체 부문에서 실적이 부진을 겪고 있으며 <SK하이닉스>는 최근 반도체 가격 상승으로 실적을 개선했다,1
삼성전자는 올해 반도체 사업 부문에서 실적 부진을 겪고 있으며 <SK하이닉스>는 반도체 가격 상승으로 지난해 실적을 개선했다,1
삼성전자는 반도체 부문에서 실적이 부진을 수효나 분량이 일정한 기준치보다 위에 있게 겪고 있으며 <SK하이닉스>는 반도체 가격의 상승으로 실적을 개선했다,1
삼성전자는 반도체 부품 사업 등 부문에서 실적 부진을 겪고 있으며 <SK하이닉스>는 반도체 가격 상승으로 실적을 개선했다,1
삼성전자는 반도체 부문에서 실적 부진을 많이 겪고 있으며 <SK하이닉스>는 최근 반도체 가격 상승으로 실적을 이전과 비교해서 큰 차이가 나게 개선했다,1
아마존은 예상보다 높은 매출을 기록했지만 <SK하이닉스>는 실적 부진을 겪었다,2
아마존은 예상보다 더 높은 분기 매출을 기록했지만 <SK하이닉스>는 실적 부진을 겪었다,2
아마존은 예상보다 높은 매출을 저마다 다따로 기록했지만 <SK하이닉스>는 실적이 부진을 겪었다,2
아마존은 당초 예상보다 높은 매출을 기록했지만 <SK하이닉스>는 극심한 실적 부진을 겪었다,2
아마존은 당초 시장 예상보다 높은 매출을 기록했지만 <SK하이닉스>는 실적 부진을 겪었다,2
아마존은 예상보다 높은 분기 매출을 기록했지만 지난해 <SK하이닉스>는 실적 부진을 겪었다,2
삼성전자는 실적 발표 후 주가가 하락했지만 <SK하이닉스>는 반도체 시장에서 높은 실적을 기록했다,1
삼성전자는 실적 발표 후 주가가 하락했지만 <SK하이닉스>는 반도체 패널 시장에서 높은 실적을 기록했다,1
삼성전자는 분기 실적 발표 후 주가가 좁은 폭 하락했지만 <SK하이닉스>는 반도체 시장에서 높은 실적을 기록했다,1
반면 삼성전자는 실적 발표 발표 후 주가가 하락했지만 <SK하이닉스>는 반도체 시장에서 높은 실적을 기록했다,1
삼성전자는 분기 실적 발표 후 주가가 하락했지만 <SK하이닉스>는 반도체 패널 시장에서 높은 실적을 기록했다,1
삼성전자는 실적 발표 후 주가가 좁은 폭 하락했지만 <SK하이닉스>는 메모리 반도체 시장에서 높은 실적을 기록했다,1
아마존의 물류 비용 증가가 실적에 부정적인 영향을 미쳤지만 <SK하이닉스>는 반도체 부문에서 호조를 보였다,1
아마존의 물류 비용 증가가 실적에 부정적인 큰 영향을 미쳤지만 <SK하이닉스>는 메모리 반도체 부문에서 전과 다름없이 호조를 보였다,1
아마존의 경우 물류 관련 비용 증가가 실적에 부정적인 영향을 미쳤지만 <SK하이닉스>는 메모리 반도체 부문에서 호조를 보였다,1
지난해 아마존의 물류 비용 증가가 실적에 부정적인 영향을 수효나 분량이 일정한 기준치보다 위에 있게 못 미쳤지만 <SK하이닉스>는 반도체 부문에서 호조를 보였다,1
아마존의 물류 비용 지출 증가가 실적에 부정적인 영향을 미쳤지만 <SK하이닉스>는 올해 메모리 반도체 부문에서 호조를 보였다,1
아마존의 경우 물류 비용 증가가 실적에 부정적인 영향을 미쳤지만 <SK하이닉스>는 메모리 반도체 부문에서 전과 다름없이 호조를 보였다,1
삼성전자와 <SK하이닉스>의 실적 발표 후 주가는 엇갈렸고 전체 시장은 불확실성이 커졌다,0
삼성전자와 <SK하이닉스>의 실적 발표 발표 후 주가는 엇갈렸고 전체 시장은 불확실성이 커졌다,0
삼성전자와 <SK하이닉스>의 실적 발표 후 주가는 더 엇갈렸고 전체 시장은 불확실성이 더 커졌다,0
삼성전자와 SK <SK하이닉스>의 실적 발표 후 주가는 엇갈렸고 전체 시장은 불확실성이 커졌다,0
관형사형 어미는의 뒤에 쓰여 어떤 행동을 하면서 동시에 또 다른 행동을 하는 것이나 어떤 상황에 또 다른 상황이 이어지는 것을 나타내는 말 이날 삼성전자와 <SK하이닉스>의 실적 발표 후 주가는 엇갈렸고 전체 시장은 불확실성이 커졌다,0
삼성전자와 SK <SK하이닉스>의 실적 발표 후 주가는 엇갈렸고 올해 전체 시장은 불확실성이 커졌다,0
아마존은 클라우드 서비스 부문에서 예상보다 낮은 성장을 기록하며 주가는 하락했다 <SK하이닉스>는 반도체 수요 증가로 주가가 상승했다,1
아마존은 클라우드 서비스 사업 개발 부문에서 예상보다 낮은 매출 성장을 기록하며 주가는 하락했다 <SK하이닉스>는 반도체 수요 증가로 주가가 상승했다,1
아마존은 클라우드 서비스 부문에서 예상보다 낮은 성장을 기록하며 주가는 하락했다 <SK하이닉스>는 메모리 반도체 패널 수요의 증가로 주가가 상승했다,1
아마존은 클라우드 서비스 부문에서 시장 예상보다 낮은 성장을 기록하며 주가는 하락했다 <SK하이닉스>는 반도체 패널 수요량 증가로 주가가 상승했다,1
아마존은 클라우드 서비스 사업 부문에서 예상보다 낮은 성장을 기록하며 주가는 하락했다 <SK하이닉스>는 반도체 패널 수요 증가로 인해 주가가 상승했다,1
아마존은 올해 클라우드 서비스 부문에서 예상보다 낮은 성장을 기록하며 아마존 주가는 좁은 폭 하락했다 <SK하이닉스>는 반도체 수요 증가로 주가가 상승했다,1
삼성전자는 기대 이상의 실적을 발표했지만 <SK하이닉스>는 반도체 부문에서 실적 부진을 겪었다,2
삼성전자는 기대 이상의 실적을 발표했지만 <SK하이닉스>는 반도체 관련 사업 부문에서 실적 부진을 겪었다,2
삼성전자는 기대 이상의 갑자기 놀라는 모양을 나타내는 말 실적을 잇따라 발표했지만 <SK하이닉스>는 반도체 부문에서 실적 부진을 겪었다,2
삼성전자는 기대 이상의 실적을 발표했지만 지난해 <SK하이닉스>는 반도체 부문에서 실적 부진을 많이 겪었다,2
지난해 삼성전자는 기대 이상의 실적을 발표했지만 올해 <SK하이닉스>는 반도체 부문에서 실적 부진을 겪었다,2
삼성전자는 기대 이상의 분기 실적을 잇따라 발표했지만 <SK하이닉스>는 반도체 부문에서 실적 부진을 겪었다,2
아마존은 실적 발표 후 예상보다 높은 매출을 기록하며 주가가 상승했다 삼성전자는 실적 부진으로 하락했다,1
아마존은 분기 실적 발표 후 예상보다 높은 매출을 기록하며 주가가 상승했다 삼성전자는 실적의 실적 부진으로 하락했다,1
아마존은 분기 실적 발표 후 예상보다 높은 매출을 쉬거나 중단함이 없이 한결같게 기록하며 삼성전자 주가가 상승했다 삼성전자는 실적 부진으로 하락했다,1
아마존은 실적 발표 후 예상보다 높은 매출을 기록하며 주가가 소폭 상승했다 그 반면 삼성전자는 실적 부진으로 하락했다,1
그 반면 아마존은 실적 발표 후 예상보다 높은 매출을 기록하며 주가가 상승했다 반면 삼성전자는 실적 부진으로 하락했다,1
아마존은 실적 발표 발표 이틀 후 예상보다 더 높은 매출을 기록하며 주가가 상승했다 삼성전자는 실적 부진으로 하락했다,1
<SK하이닉스>는 실적 상승을 기록했지만 삼성전자는 반도체 부문에서 실적 부진을 겪고 있으며 미국 금리 인상에 대한 우려도 존재한다,1
<SK하이닉스>는 실적이 상승을 기록했지만 삼성전자는 반도체 사업 부문에서 실적 부진을 겪고 있으며 미국 금리 인상에 대한 우려도 전과 다름없이 존재한다,1
<SK하이닉스>는 실적 상승을 기록했지만 삼성전자는 반도체 사업 일부 부문에서 실적이 부진을 겪고 있으며 미국 금리 인상에 대한 우려도 존재한다,1
반면 <SK하이닉스>는 실적 상승을 기록했지만 삼성전자는 반도체 부문에서 극심한 실적 부진을 겪고 있으며 미국 금리 인상에 대한 우려도 존재한다,1
<SK하이닉스>는 실적 상승을 기록했지만 전과 다름없이 삼성전자는 반도체 부문에서 실적 부진을 겪고 있으며 미국 금리 인상에 대한 우려도 전과 다름없이 존재한다,1
반면 <SK하이닉스>는 실적 상승을 쉬거나 중단함이 없이 한결같게 기록했지만 삼성전자는 여전히 반도체 부문에서 실적 부진을 겪고 있으며 미국 금리 인상에 대한 우려도 존재한다,1
아마존은 글로벌 경제 불확실성 속에서도 긍정적인 실적을 기록했지만 <SK하이닉스>는 실적 부진으로 하락했다,2
반면 아마존은 글로벌 경제 불확실성 우려 속에서도 긍정적인 실적을 기록했지만 <SK하이닉스>는 실적 부진으로 하락했다,2
아마존은 글로벌 경제 불확실성 속에서도 긍정적인 실적을 기록했지만 <SK하이닉스>는 실적 부진으로 하락했다 ,2
아마존은 글로벌 경제의 불확실성 속에서도 긍정적인 실적을 기록했지만 <SK하이닉스>는 올해 실적 부진으로 하락했다,2
반면 아마존은 글로벌 경제 불확실성 속에서도 전과 다름없이 긍정적인 실적을 기록했지만 <SK하이닉스>는 실적 부진으로 하락했다,2
삼성전자는 3분기 실적 발표 후 실적 부진을 겪었지만 <SK하이닉스>는 반도체 수요 증가로 실적이 상승했다,1
삼성전자는 3분기 실적 실적 발표 후 극심한 실적 부진을 겪었지만 <SK하이닉스>는 반도체 부품 수요 증가로 실적이 상승했다,1
삼성전자는 지난해 3분기 실적 발표 후 실적 부진을 겪었지만 지난해 <SK하이닉스>는 메모리 반도체 수요 증가로 실적이 상승했다,1
삼성전자는 지난해 3분기 실적 발표 후 실적이 적기는 하지만 어느 정도로 부진을 겪었지만 <SK하이닉스>는 반도체 수요 증가로 실적이 상승했다,1
삼성전자는 지난해 3분기 실적 발표 후 실적 부진을 겪었지만 지난해 말 <SK하이닉스>는 반도체 수요 증가로 실적이 상승했다,1
삼성전자는 3분기 실적 발표 발표 후 실적 부진을 수효나 분량이 일정한 기준치보다 위에 있게 안 겪었지만 <SK하이닉스>는 반도체 수요 증가로 실적이 상승했다,1
아마존의 물류 부문 비용 증가가 실적에 악영향을 미쳤지만 전반적인 수익성은 여전히 높았다 <SK하이닉스>는 반도체 시장에서 긍정적인 성과를 보였다,1
지난해 아마존의 물류 부문 비용 증가가 실적에 악영향을 미쳤지만 전반적인 사업 수익성은 전과 다름없이 높았다 <SK하이닉스>는 메모리 반도체 시장에서 긍정적인 투자 성과를 보였다,1
아마존의 물류 부문의 비용 증가가 실적에 악영향을 미쳤지만 전반적인 수익성은 여전히 높았다 반면에 <SK하이닉스>는 반도체 시장에서 여럿 가운데서 으뜸으로 긍정적인 성과를 보였다,1
아마존의 물류 및 서비스 부문 비용 증가가 실적에 악영향을 미쳤지만 업계 전반적인 수익성은 전과 다름없이 높았다 <SK하이닉스>는 반도체 부문 시장에서 긍정적인 성과를 보였다,1
아마존의 물류 서비스 부문의 비용 증가가 실적에 악영향을 많이 미쳤지만 전반적인 수익성은 전과 다름없이 높았다 <SK하이닉스>는 반도체 시장에서 긍정적인 투자 성과를 보였다,1
아마존의 물류 부문 비용 증가가 실적에 악영향을 미쳤지만 전반적인 사업 수익성은 전과 다름없이 높았다 반면에 <SK하이닉스>는 반도체 시장에서 전과 다름없이 긍정적인 성과를 보였다,1
아마존은 3분기 실적 발표에서 클라우드 부문 성장 둔화가 우려를 불러일으켰다 <SK하이닉스>는 실적 상승을 보였다,1
아마존은 지난 3분기 실적 발표에서 클라우드 부문 성장 둔화가 우려를 불러일으켰다 반면 <SK하이닉스>는 좁은 폭 실적 상승을 보였다,1
아마존은 3분기 실적 발표에서 클라우드 부문 성장 둔화가 우려를 불러일으켰다 그 반면 <SK하이닉스>는 실적 상승을 다시 보였다,1
아마존은 3분기 실적 발표에서 클라우드 부문의 성장 속도 둔화가 우려를 불러일으켰다 <SK하이닉스>는 실적 상승을 이전 상태나 행동이 그쳤다가 이어지면서 새로이 또 보였다,1
아마존은 3분기 실적 발표에서 클라우드 컴퓨팅 부문의 성장 둔화가 우려를 불러일으켰다 <SK하이닉스>는 실적이 상승을 보였다,1
아마존은 3분기 실적 발표에서 클라우드 부문의 올해 성장성 둔화가 우려를 불러일으켰다 <SK하이닉스>는 실적 상승을 보였다,1
삼성전자는 실적 부진을 겪었지만 <SK하이닉스>는 반도체 시장에서 호조를 보였다,1
삼성전자는 지난해 실적 부진을 겪었지만 올해 <SK하이닉스>는 반도체 시장에서 호조를 보였다,1
삼성전자는 실적 부진을 겪었지만 <SK하이닉스>는 올해 반도체 부품 시장에서 호조를 보였다,1
삼성전자는 실적 부진을 겪었지만 지난해 하반기 <SK하이닉스>는 반도체 시장에서 호조를 보였다,1
삼성전자는 실적이 부진을 겪었지만 <SK하이닉스>는 반도체 시장에서 일정한 기준에서 하나도 빼거나 남기지 않고 다 호조를 보였다,1
삼성전자는 더 말할 것도 없이 지난해 실적 부진을 겪었지만 <SK하이닉스>는 반도체 시장에서 호조를 보였다,1
아마존은 글로벌 경제 불확실성 속에서도 성장률을 기록하며 투자자들의 신뢰를 얻었다 <SK하이닉스>는 실적 부진으로 하락했다,2
아마존은 지난해 글로벌 경제 불확실성 속에서도 성장률을 꾸준히 기록하며 투자자들의 신뢰를 이전 상태나 행동이 그쳤다가 이어지면서 새로이 또 얻었다 <SK하이닉스>는 실적 부진으로 하락했다,2
아마존은 글로벌 글로벌 경제 불확실성 속에서도 성장률을 기록하며 글로벌 투자자들의 신뢰를 얻었다 <SK하이닉스>는 실적의 부진으로 하락했다,2
반면 아마존은 글로벌 경제 불확실성 속에서도 성장률을 기록하며 글로벌 투자자들의 큰 신뢰를 얻었다 <SK하이닉스>는 실적 부진으로 하락했다,2
아마존은 글로벌 경제 불확실성 속에서도 놀라운 성장률을 기록하며 투자자들의 큰 수준의 신뢰를 얻었다 <SK하이닉스>는 실적 부진으로 하락했다,2
아마존은 지난해 글로벌 경제 불확실성 우려 속에서도 마이너스 성장률을 기록하며 투자자들의 신뢰를 얻었다 <SK하이닉스>는 실적 부진으로 하락했다,2
삼성전자는 반도체 부문에서 실적 부진을 겪고 있지만 <SK하이닉스>는 예상 이상의 실적을 기록했다,1
삼성전자는 반도체 부문에서 실적 부진을 겪고 있지만 <SK하이닉스>는 예상 이상의 갑자기 놀라는 모양을 나타내는 말 실적을 잇따라 기록했다,1
반면 삼성전자는 반도체 부문에서 실적 부진을 겪고 있지만 <SK하이닉스>는 예상 이상의 실적을 쉬거나 중단함이 없이 한결같게 기록했다,1
삼성전자는 반도체 부문에서 실적이 부진을 겪고 있지만 <SK하이닉스>는 예상치 이상의 실적을 기록했다,1
삼성전자는 올해 반도체 부문에서 실적 부진을 전과 다름없이 겪고 있지만 <SK하이닉스>는 예상 이상의 실적을 기록했다,1
삼성전자는 반도체 사업 부문에서 실적 부진을 겪고 있지만 <SK하이닉스>는 예상치 이상의 실적을 기록했다,1
아마존은 실적 발표 후 예상보다 높은 매출을 기록하며 주가가 상승했다 <SK하이닉스>는 실적 부진으로 하락했다,2
아마존은 실적 발표 이틀 후 예상보다 높은 매출을 쉬거나 중단함이 없이 한결같게 기록하며 주가가 상승했다 <SK하이닉스>는 올해 실적 부진으로 하락했다,2
아마존은 실적 발표 후 예상보다 더 높은 매출을 각각 기록하며 주가가 상승했다 <SK하이닉스>는 실적의 부진으로 하락했다,2
아마존은 분기 실적 발표 발표 후 예상보다 높은 매출을 기록하며 주가가 상승했다 <SK하이닉스>는 분기 실적 부진으로 하락했다,2
아마존은 실적 발표 이틀 후 예상보다 높은 매출을 기록하며 주가가 소폭 상승했다 반면 <SK하이닉스>는 실적 부진으로 하락했다,2
아마존은 실적 발표 후 예상보다 높은 수준의 매출을 저마다 다따로 기록하며 주가가 상승했다 <SK하이닉스>는 실적의 부진으로 하락했다,2
삼성전자는 실적 부진을 겪었지만 <SK하이닉스>는 반도체 수요 증가로 실적 상승을 보였다,1
삼성전자는 실적 부진을 겪었지만 <SK하이닉스>는 반도체 수요 증가로 실적이 상승을 이뤄 보였다,1
삼성전자는 실적 부진을 겪었지만 지난해 <SK하이닉스>는 반도체 수요 증가로 실적 상승을 보였다,1
지난해 삼성전자는 극심한 실적 부진을 겪었지만 <SK하이닉스>는 반도체 수요 증가로 실적 상승을 보였다,1
삼성전자는 실적 부진을 겪었지만 지난해 <SK하이닉스>는 반도체 수요 증가로 실적 상승을 이전 상태나 행동이 그쳤다가 이어지면서 새로이 또 보였다,1
삼성전자는 실적 부진을 겪었지만 <SK하이닉스>는 올해 메모리 반도체 수요 증가로 실적 상승을 보였다,1
아마존의 실적 발표에서 클라우드 부문 성장 둔화가 우려를 불러일으켰다 <SK하이닉스>는 반도체 시장에서 긍정적인 실적을 기록했다,1
지난해 아마존의 실적 발표에서는 클라우드 컴퓨팅 부문 성장 둔화가 우려를 불러일으켰다 <SK하이닉스>는 반도체 시장에서 긍정적인 실적을 기록했다,1
아마존의 실적 개선 발표에서 기업 클라우드 부문 성장 둔화가 우려를 불러일으켰다 <SK하이닉스>는 반도체 시장에서 여럿 가운데서 으뜸으로 긍정적인 실적을 기록했다,1
아마존의 실적 개선 발표에서 클라우드 부문의 성장 둔화가 우려를 불러일으켰다 <SK하이닉스>는 반도체 부문 시장에서 긍정적인 실적을 기록했다,1
아마존의 실적 발표에서 클라우드 부문 성장 둔화가 우려를 불러일으켰다 <SK하이닉스>는 올해 반도체 시장에서 긍정적인 분기별 실적을 기록했다,1
아마존의 실적 발표에서 클라우드 부문의 성장 둔화가 우려를 불러일으켰다 반면 <SK하이닉스>는 반도체 부문 시장에서 긍정적인 실적을 기록했다,1
삼성전자는 실적 부진을 겪었고 <SK하이닉스>는 반도체 가격 상승으로 실적이 증가했다,1
삼성전자는 실적 부진을 겪었고 <SK하이닉스>는 메모리 반도체 가격 상승으로 분기 실적이 증가했다,1
삼성전자는 하반기 실적 부진을 겪었고 <SK하이닉스>는 반도체 가격 상승으로 실적이 좁은 폭 증가했다,1
삼성전자는 실적이 적기는 하지만 어느 정도로 부진을 겪었고 <SK하이닉스>는 반도체 가격 상승으로 실적이 증가했다,1
삼성전자는 지난해 실적 부진을 겪었고 <SK하이닉스>는 반도체 가격 상승으로 실적이 증가했다,1
삼성전자는 실적 부진을 겪었고 반면 <SK하이닉스>는 반도체 패널 가격 상승으로 실적이 증가했다,1
아마존의 물류 부문 비용 증가가 실적에 부정적인 영향을 미쳤지만 전반적인 수익성은 여전히 높았다 <SK하이닉스>는 반도체 시장에서 높은 성장세를 보였다,1
아마존의 물류 부문 비용 증가가 실적에 부정적인 영향을 미쳤지만 전반적인 수익성은 전과 다름없이 높았다 반면에 <SK하이닉스>는 메모리 반도체 시장에서 높은 매출 성장세를 보였다,1
아마존의 물류 부문의 비용 증가가 실적에는 부정적인 영향을 많이 미쳤지만 전반적인 수익성은 전과 다름없이 높았다 <SK하이닉스>는 반도체 부품 시장에서 높은 성장세를 보였다,1
아마존의 물류 부문의 비용 증가가 실적에 부정적인 영향을 미쳤지만 업계 전반적인 수익성은 여전히 높았다 반면 <SK하이닉스>는 반도체 시장에서 여럿 가운데서 으뜸으로 높은 성장세를 보였다,1
아마존의 경우 물류 부문 비용 증가가 실적에는 부정적인 영향을 미쳤지만 업계 전반적인 수익성은 여전히 높았다 <SK하이닉스>는 반도체 시장에서 여럿 가운데서 으뜸으로 높은 성장세를 보였다,1
반면 아마존의 경우 물류 부문 비용의 증가가 실적에 부정적인 영향을 미쳤지만 전반적인 수익성은 전과 다름없이 높았다 <SK하이닉스>는 반도체 시장에서 높은 성장세를 보였다,1
삼성전자와 <SK하이닉스>의 실적 발표 후 주가는 엇갈렸고 전체 시장은 불확실성 속에서 변동하고 있다,0
삼성전자와 <SK하이닉스>의 실적 실적 발표 발표 후 주가는 엇갈렸고 전체 시장은 불확실성 속에서 어떤 현상이나 행동이 끊이지 않고 잇따라 변동하고 있다,0
삼성전자와 SK <SK하이닉스>의 실적 발표 발표 이틀 후 주가는 엇갈렸고 전체 시장은 불확실성 속에서 변동하고 있다,0
이날 삼성전자와 <SK하이닉스>의 실적 발표 후 주가는 다소 엇갈렸고 전체 시장은 전과 다름없이 불확실성 속에서 변동하고 있다,0
삼성전자와 <SK하이닉스>의 잇따른 깜짝 실적 발표 발표 후 주가는 엇갈렸고 전체 시장은 불확실성 속에서 변동하고 있다,0
삼성전자와 <SK하이닉스>의 실적 발표 후 주가는 엇갈렸고 전체 국내 주식 시장은 불확실성 속에서 쉬거나 중단함이 없이 한결같게 변동하고 있다,0
<SK하이닉스>는 실적 발표 후 하락했지만 삼성전자는 실적 상승으로 강세를 보였다,2
<SK하이닉스>는 하반기 실적 발표 후 하락했지만 지나간 지 얼마 안 된 즈음 삼성전자는 실적 상승으로 강세를 보였다,2
반면 <SK하이닉스>는 실적 발표 후 하락했지만 삼성전자는 하반기 실적 상승으로 강세를 보였다,2
<SK하이닉스>는 하반기 실적 발표 후 하락했지만 삼성전자는 실적 기대감 상승으로 강세를 보였다,2
<SK하이닉스>는 실적 발표 후 하락했지만 이날 삼성전자는 실적 상승으로 소폭 강세를 보였다,2
<SK하이닉스>는 실적 발표 후 하락했지만 삼성전자는 하반기 실적 상승으로 소폭 강세를 보였다,2
다만 반도체 사업을 담당하는 DS디바이스솔루션 부문의 영업이익은 3조8600억원을 기록하면서 경쟁사인 <SK하이닉스>에 크게 밀렸다 HBM고대역폭 메모리 공급 지연을 비롯해 파운드리반도체 위탁생산 사업 부진이,1
뒤 내용이 앞내용의 예외나 조건이 될 때 쓰여 앞뒤 문장을 이어주는 말 반도체 사업을 담당하는 DS디바이스솔루션 부문의 영업이익은 3조8600억원을 기록하면서 경쟁사인 <SK하이닉스>에 크게만 밀렸다 HBM고대역폭 메모리 공급 지연을 비롯해 파운드리반도체 위탁생산 등 사업 부진이 두드러진다,1
 뒤 내용이 앞내용의 예외나 조건이 될 때 쓰여 앞뒤 문장을 이어주는 말 반도체 사업을 주로 담당하는 DS디바이스솔루션 부문의 영업이익은 3조8600억원을 각각 기록하면서 경쟁사인 <SK하이닉스>에 비해 크게 밀렸다 HBM고대역폭 메모리 공급 지연을 비롯해 파운드리반도체 위탁생산 사업 부진이,1
뒤 내용이 앞내용의 예외나 조건이 될 때 쓰여 앞뒤 문장을 이어주는 말 반도체 사업을 담당하는 DS디바이스솔루션 부문의 영업이익은 3조8600억원을 기록하면서 경쟁사인 <SK하이닉스>에 비해 크게 밀렸다 HBM고대역폭의 메모리 공급 지연을 비롯해 파운드리반도체의 위탁생산 사업 부진이 두드러진다,1
다만 반도체 사업을 특별히 많이 하거나 중심이 되게 담당하는 DS디바이스솔루션 부문의 지난해 영업이익은 3조8600억원을 기록하면서 경쟁사인 <SK하이닉스>에 비해 크게 밀렸다 HBM고대역폭 메모리 공급 지연을 비롯해 파운드리반도체 위탁생산 사업 부진이,1
다만 반도체 부품 사업을 담당하는 DS디바이스솔루션 부문의 영업이익은 3조8600억원을 저마다 다따로 기록하면서 경쟁사인 <SK하이닉스>에 비해 크게 밀렸다 HBM고대역폭 메모리 공급라인 지연을 비롯해 파운드리반도체 위탁생산 사업 부진이,1
업계에 따르면 삼성전자뿐만 아니라 <SK하이닉스>도 이러한 요청을 받고 개발에 착수한 것으로 파악된다 13일 관련 업계에 따르면 주요 빅테크 기업 메타Meta 마이크로소프트MS 구글Google이 자사 AI 칩 경쟁력,1
업계에 따르면 삼성전자뿐만 아니라 <SK하이닉스>도 일정한 시간보다 앞서 이러한 요청을 일정한 시간보다 앞서 받고 개발에 본격 착수한 것으로 파악된다 13일 관련 업계에 따르면 주요 빅테크 기업 메타Meta 마이크로소프트MS 구글Google이 밝힌 자사 AI 칩 경쟁력,1
업계에 따르면 삼성전자뿐만 아니라 <SK하이닉스>도 이러한 개발 요청을 받고 개발에 착수한 중인 것으로 파악된다 13일 관련 업계에 따르면 미국 주요 빅테크 기업 메타Meta 마이크로소프트MS 구글Google이 만든 자사 AI 칩 경쟁력,1
업계에 따르면 삼성전자뿐만 아니라 <SK하이닉스>도 이러한 요청을 받고 개발에 착수한 것으로 잠정 파악된다 13일 관련 업계에 따르면 주요 빅테크 기업인 메타Meta 마이크로소프트MS 구글Google이 밝힌 자사 AI 플랫폼 기반 칩 경쟁력,1
업계에 따르면 삼성전자뿐만이 아니라 SK SK <SK하이닉스>도 이러한 칩 개발 요청을 받고 개발에 착수한 것으로 파악된다 13일 관련 업계에 따르면 주요 빅테크 기업 메타Meta 마이크로소프트MS 구글Google이 자사 AI 칩 경쟁력,1
업계에 따르면 삼성전자뿐만 아니라 SK <SK하이닉스>도 일정한 시간보다 앞서 이러한 개발 요청을 받고 개발에 착수한 것으로 파악된다 13일 관련 업계에 따르면 주요 AI 빅테크 기업 메타Meta와 마이크로소프트MS 구글Google이 자사 AI 칩 경쟁력,1
삼성전자는 부진했지만 같은 52시간 규제 속에서도 <SK하이닉스>는 최고의 실적을 냈다는 주장도 있습니다 개별 기업 내부에서 제기되는 근로 상황과 성과에 걸맞는 파격적인 보상제가 마련돼야 한다는 의견과,1
삼성전자는 부진했지만 같은 52시간 규제안 속에서도 <SK하이닉스>는 최고의 실적을 냈다는 주장도 있습니다 개별 기업들 내부에서 끊임없이 제기되는 근로 상황과 성과에 걸맞는 눈으로 인식하다 파격적인 보상제가 마련돼야 한다는 업계 의견과,1
삼성전자는 부진했지만 같은 52시간 규제 속에서도 <SK하이닉스>는 최고의 실적을 냈다는 주장도 있습니다 개별 기업 내부에서 제기되는 근로 상황과 기업의 성과에 따라 여럿 가운데서 으뜸으로 걸맞는 파격적인 성과 보상제가 마련돼야 한다는 의견과,1
삼성전자는 부진했지만 이 같은 52시간 근무 규제 속에서도 <SK하이닉스>는 최고의 실적을 냈다는 등의 주장도 있습니다 개별 기업 내부에서 제기되는 근로 상황과 성과에 걸맞는 눈으로 인식하다 파격적인 보상제가 마련돼야 한다는 의견과,1
삼성전자는 부진했지만 같은 52시간 규제 속에서도 <SK하이닉스>는 최고의 갑자기 놀라는 모양을 나타내는 말 실적을 일궈 냈다는 주장도 있습니다 개별 기업의 내부에서 제기되는 근로 상황과 성과에 걸맞는 보다 파격적인 보상제가 마련돼야만 한다는 의견과,1
삼성전자는 부진했지만 이 같은 52시간 규제 속에서도 <SK하이닉스>는 최고의 분기 실적을 냈다는 주장도 하고는 있습니다 개별 기업 내부에서 사물이나 일이 없어지지 않고 늘 잇대어 제기되는 근로 상황과 성과에 걸맞는 파격적인 보상제가 마련돼야 한다는 의견과,1
삼성전자의 경우 HBM 분야의 기술 경쟁력이 뒤쳐진 상태이기에 범용 메모리반도체 시황 악화의 악영향을 경쟁사인 <SK하이닉스> 마이크론테크놀로지보다 더 크게 받을 가능성이 있다 삼성전자 주가는 지난 11일과,1
삼성전자의 경우의 경우 경우 HBM 분야의 기술 경쟁력이 뒤쳐진 상태 상태이기에 범용성 메모리반도체 시황 악화의 악영향을 경쟁사인 <SK하이닉스> 마이크론테크놀로지보다 더 크게 받을 가능성이 있다 삼성전자 주가는 지난 11일과,1
삼성전자의 경우 아직 HBM 분야의 기술 경쟁력이 뒤쳐진 상태이기에 범용 메모리반도체 시황 악화의 악영향을 경쟁사인 <SK하이닉스>나 마이크론테크놀로지보다 더 크게 물리적으로 높은 정도 평가 받을 가능성이 남아 있다 삼성전자 주가는 지난 11일과,1
삼성전자의 경우 HBM 분야의 기술 경쟁력이 뒤쳐진 상태이기에 범용 메모리반도체 시황 악화의 악영향을 경쟁사인 SK <SK하이닉스> 마이크론테크놀로지보다 어떤 것에 비하여 그 정도가심하거나 더하게 더 더 크게 받을 가능성이 남아 있다 삼성전자의 주가는 지난 11일과,1
삼성전자의 경우 HBM 분야의 기술 경쟁력이 적기는 하지만 어느 정도로 뒤쳐진 상태이기에 범용 메모리반도체 시황 악화의 악영향을 경쟁사인 SK <SK하이닉스> 마이크론테크놀로지보다 더 더 크게 평가 받을 가능성이 있다 삼성전자 주가는 지난 달 11일과,1
삼성전자의 경우 경우 HBM 분야의 경우 기술 경쟁력이 뒤쳐진 상태이기에 범용 메모리반도체 시황 악화의 악영향을 경쟁사인 <SK하이닉스>나 마이크론테크놀로지보다 어떤 것에 비하여 그 정도가심하거나 더하게 더 크게 받을 경우 가능성이 있다 삼성전자 주가는 지난 11일과,1
이어 <SK하이닉스>와 삼성전자 등 대기업이 위치한 지역에서 공항 접근성 문제를 해결하려는 경기도의 의지가 중요하지만 이를 실현할 수 있는 인프라와 노선 확보에 대한 구체적인 검토가 부족하다고 꼬집었다,2
어떤 행위를 끊지 않고 잇달아 <SK하이닉스>와 삼성전자 삼성전자 등 대기업이 위치한 지역에서 공항 접근성 등의 문제를 해결하려는 경기도의 의지가 중요하지만 이를 실현할 수 있는 인프라와 노선의 확보에 대한 구체적인 검토가 아직은 부족하다고 꼬집었다,2
이어 <SK하이닉스>와 삼성전자 등 대기업이 수효나 분량이 일정한 기준치보다 위에 있게 위치한 수도권 지역에서 공항 접근성 문제를 해결하려는 경기도의 의지가 중요하지만 이를 실현할 할 수 있는 인프라와 철도 노선 확보에 대한 구체적인 검토가 부족하다고 꼬집었다,2
이어 <SK하이닉스>와 삼성전자 등 대기업이 수효나 분량이 일정한 기준치보다 위에 있게 위치한 지역에서 공항 접근성 문제를 해결하려는 경기도의 의지가 중요하지만 이를 실현할 때 할 수는 있는 인프라와 노선 확보에 대한 구체적인 검토가 부족하다고 꼬집었다,2
어떤 행위를 끊지 않고 잇달아 <SK하이닉스>와 삼성전자 등 대기업이 위치한 지역에서 공항 접근성 등의 문제를 해결하려는 경기도와 경기도 경기도의 의지가 중요하지만 이를 실현할 수 있는 인프라와 노선 확보에 대해 대한 구체적인 검토가 부족하다고 꼬집었다,2
이어 <SK하이닉스>와 삼성전자 등 대기업이 위치한 지역에서 공항 접근성 문제를 해결하려는 경기도의 의지가 중요하지만 이를 실현할 수 있는 인프라와 철도 연계 노선 확보에에 대한 구체적인 검토가 때가 되지 못하였거나 미처 이르지 못하였음을 나타내는 말 부족하다고 꼬집었다,2
삼성전자는 4 넘게 떨어지며 5만 전자마저 위태로워졌고 SK 하이닉스 현대차 주가도 하락했습니다 미국 대선에서 도널드 트럼프 공화당 후보가 당선된 뒤 정책 수혜가 예상되는 자산으로 자금이 쏠리는 이른바,2
삼성전자는 4  포인트 넘게 떨어지며 5만 전자마저 위태로워졌고 SK 하이닉스와 현대차 주가도 하락했습니다 미국 대선에서 도널드 트럼프 트럼프 공화당 후보가 공식 당선된 뒤 정책 수혜가 예상되는 자산으로 자금이 쏠리는 세상에서 흔히 말하는 바,2
삼성전자는 4 넘게 떨어지며 5만 전자마저 위태로워졌고 SK의 하이닉스와 현대차 주가도 하락했습니다 미국 대선에서 도널드 트럼프 공화당 후보가 당선된 뒤 정책적 수혜가 예상되는 핵심 자산으로 자금이 쏠리는 겁니다 세상에서 흔히 말하는 바,2
삼성전자는 4  넘게 더 떨어지며 5만 전자마저 위태로워졌고 SK 하이닉스 현대차의 주가도 하락했습니다 미국 대선에서 도널드 트럼프 공화당 대통령 후보가 당선된 뒤 뒤 정책 수혜가 예상되는 자산으로 자금이 쏠리는 세상에서 흔히 말하는 바,2
삼성전자는 4 넘게 떨어지며 5만 전자마저 위태로워졌고 SK 하이닉스와 현대차 주가도 하락했습니다 미국 대선에서 도널드 트럼프 공화당 후보가 당선된 뒤 트럼프 후보 정책의 수혜가 예상되는 자산으로 자금이 쏠리는 세상에서 흔히 말하는 바,2
삼성전자는 4  넘게 떨어지며 5만 전자마저 위태로워졌고 SK LG 하이닉스 현대차 주가도 하락했습니다 미국 대선에서 도널드 트럼프 트럼프 공화당 후보가 당선된 뒤 뒤 정책적 수혜가 예상되는 자산으로 자금이 쏠리는 세상에서 흔히 말하는 바,2
경쟁사인 <SK하이닉스>는 인공지능AI 반도체 열풍이 지속되면서 고대역폭 메모리HBM 수요 증가에 최대 수혜자가 되고 있다 반면 삼성전자는 HBM3E 8단 제품 퀄테스트를 통과하지 못하면서 HBM 시장에서 입지가,1
코스피 시가총액 상위 10개 종목 중에서는 <SK하이닉스>000660 121 삼성전자005930 051 삼성전자우005935 021 등이 오랜만에 동반 강세다 이외에도 네이버035420 247 기아000270 095 현대차005380,1
시가총액 상위 종목 중 삼성전자137 <SK하이닉스>170 등 반도체주와 현대차164 기아233 등이 오르고 있다 반면 삼성바이오로직스040 셀트리온006 KB금융218 등은 하락 중이다 업종별로 보면,1
<SK하이닉스>와 컴퓨트익스프레스링크CXL 적용 주문형 반도체 설계 공급 계약 소식에 매수세가 몰리는 것으로 풀이된다 4일 엠피닥터에 따르면 오전 9시 26분 현재 에이직랜드는 전 거래일보다 5412200원,1
NAVER23 <SK하이닉스>126 기아095 현대차07 삼성전자051는 강세를 보이고 있다 반면 KB금융153 LG화학094 현대모비스08 삼성SDI06 LG에너지솔루션036 POSCO홀딩스03는 하락,1
특히 <SK하이닉스>가 지난해 8조원에 가까운 대규모 영업적자를 기록한 위기를 극복하고 지난 3분기 7조원의 역대 최대 분기 영업이익을 기록하는 등 시장 선도기업으로 도약할 수 있었던 요인을 소개하는 시간도,1
반도체 대장주인 삼성전자와 <SK하이닉스>는 각각 069 165 상승하고 있다 현대차 삼성전자우 셀트리온 기아 NAVER 등도 오름세다 이에 비해 LG에너지솔루션은 073 하락하고 있다 KB금융도 174 주가가,1
삼성전자의 실적이 전망치를 밑돈 반면 <SK하이닉스>는 실적이 대폭 상승하면서 위기론이 더 커지고 있다 삼성전자의 올해 3분기 DS 부문의 영업이익은 3조8600억 원 영업이익률은 132를 기록했다 이에 비해,1
특히 삼성전자와 <SK하이닉스>가 각각 152 220 하락하면서 국내 반도체주가 일제히 내렸다 반면 지난주 뉴욕 증시는 저조한 미국 10월 고용 지표에도 불구하고 아마존 실적 호조에 힘입어 반등했다 아마존의 올해,2
<SK하이닉스>와 삼성전자가 컴퓨트익스프레스링크CXL 컨트롤러 내재화를 준비 중이다 포스트 고대역폭메모리HBM가 될 것으로 예상되는 CXL 메모리 시장에 대응하기 위해서다 현재 <SK하이닉스>와 삼성전자의 CXL,1
하지만 그들은 좋은 회사를 우리에게 주지는 않을 겁니다 이미 보조금을 약속 받고 미국 공장 건설을 추진 중인 삼성전자와 <SK하이닉스>가 계획을 조정해야 할 수도 있습니다 트럼프는 바이든 정부의 친환경 자동차,2
무엇보다 HBM고대역폭메모리에서는 <SK하이닉스> 파운드리반도체 위탁생산에서는 TSMC에 각각 끌려 다니는 모습이 안타깝다 물론 과거 문재인 정권이 삼성전자를 겨냥하여 총수를 사법처리한 데 이어 노조를,2
<SK하이닉스>는 지난해 8조원에 가까운 대규모 영업적자를 기록한 위기를 극복하고 지난 3분기 7조원의 역대 최대 분기 영업 이익을 기록하는 등 시장 선도기업으로 도약할 수 있었던 요인을 소개하는 시간도,1
반도체업계에 따르면 <SK하이닉스>와 삼성전자는 최근 테슬라로부터 HBM4 공급 요청을 받고 시제품을 개발하는 것으로 확인됐다 빅테크들이 맞춤형 HBM을 주문한 것과 달리 테슬라는 범용 HBM4 공급을 요청한 것으로,1
늘어  <SK하이닉스> 재고 3분기 11주4분기 12주 증가  AI 서버향 HBM 노출도 따라 재고 차별화 움직임  수익성 높은 프리미엄 D램 DDR5 가격 하락 우려  반도체 업계 내년 2분기 메모리 가격 회복 전망  모건스탠리,1
<SK하이닉스>가 세계 최고층인 321단 1Tb테라비트 트리플레벨셀TLC 4D 낸드 플래시를 양산하기 시작했다고 21일 발표했다 낸드플래시는 한 개 셀Cell에 몇 개의 정보비트 단위를 저장하느냐에 따라 싱글레벨셀SL,1
이 시장은 <SK하이닉스>가 처인구 원삼면 일대 126만평에 122조원을 투자해 반도체 생산라인Fab 4기를 건설하는 용인반도체클러스터의 조성 현황도 상세히 설명했다 이곳엔 2026년 말 완공 목표로 기반 조성 공사가 진행,1
<SK하이닉스>가 세계 최고층인 321단 1테라비트Tb TLCTriple Level Cell 4D 낸드 플래시를 양산하기 시작했다고 21일 밝혔다 <SK하이닉스>는 당사는 2023년 6월에 직전 세대 최고층 낸드인 238단 제품을 양산해 시장에,1
현재 엔비디아는 HBM 물량 대부분을 <SK하이닉스>로부터 받고 있다 삼성전자는 지난달 31일 3분기 실적 관련 컨퍼런스 콜에서 현재 HBM3E 8단과 12단 모두 양산 판매 중이라며 주요 고객사 품질 테스트 과정에서,1
<SK하이닉스>가 올해 고대역폭메모리HBM 호황으로 역대급 실적을 기록한만큼 한층 더 강화한 주주환원책을 내놓을 수 있다는 기대감 역시 커지는 모습이다 재계 관계자는 밸류업 참여에 대해선 어느 정도,1
코스피 주요 종목별로 보면 같은 시각 삼성전자는 250 뛴 5만7400원에 <SK하이닉스>는 091 상승한 17만8300원에 LG에너지솔루션은 444 오른 42만3000원에 거래되고 있다 이 외에 삼성바이오로직스150와 현대차,1
삼성전자250 <SK하이닉스>057 LG에너지솔루션346 삼성바이오로직스107 현대차092 삼성전자우125 KB금융020 셀트리온150 등 8개 종목 주가가 상승하고 있다 반면 기아072 네이버,1
FT는 삼성전자가 <SK하이닉스>에 AI 메모리인 HBM 경쟁에 뒤쳐지고 경영 쇄신을 단행할 태세를 보이고 있다고 진단했다 또 올해 주가가 30 이상 하락하며 10조원 규모의 자사주 매입을 발표했고 노동조합이 사상 첫,1
실제 경쟁사인 <SK하이닉스>의 경우 진즉부터 엔비디아에 HBM 물량 대부분을 소화하며 실적은 날개 돋친 듯 고공행진 중에 있다 <SK하이닉스>는 이미 올해 3월 엔비디아에 HBM3E 8단을 납품했고 HBM3E 12단 제품도 지난 9월 말,1
앞서 최근 열린 3분기810월 실적 발표 콘퍼런스콜전화회의에서 황CEO는 메모리 공급업체로 <SK하이닉스>와 마이크론 등을 언급했지만 삼성전자는 언급하지 않은 바 있다 그동안 엔비디아로의 HBM 납품이,1
시가총액 상위종목 중 삼성전자268 <SK하이닉스>091 LG에너지솔루션395 삼성바이오로직스246 현대차161 기아031 KB금융041 셀트리온254 등이 상승 거래 중이다 한편 이날 오후 1시,1
<SK하이닉스>는 주당 연간 고정 배당금을 기존 1200원에서 1500원으로 25 올린다고 27일 공시했다 회사는 이날 주주환원 정책과 기업가치 제고 계획 발표를 통해 이같이 밝혔다 누적 잉여현금흐름FCF의 50를 주주환원,1
삼성전자와 <SK하이닉스>가 미국 정부로부터 확보한 수조원 규모의 반도체 공장 건설 보조금이 먹구름 속으로 들어갈 가능성이 제기된다박용정 현대경제연구원 산업연구실 실장은 반도체 지원법에 비판적인 입장을,2
현재 삼성전자와 <SK하이닉스>가 64억달러8조원 <SK하이닉스>는 4억5000만달러6200억원의 보조금과 세제 혜택을 받기로 약속받았지만 트럼프 2기에서 칩스법을 수정되거나 폐지할 경우 무산될 우려가 있다는 얘기다 보조금,2
유가증권시장 시가총액 상위 종목 중에선 삼성전자는 보합 흐름을 보이고 있고 <SK하이닉스>238 KB금융088 네이버028 신한지주111  등이 오르고 있다 반면 삼성바이오로직스060 현대차140,1
